ID,名稱,類別,屬性
1,耶比妹妹,Lv 1 - 20,力量+1
2,兵蟻G,Lv 1 - 20,體力 +1
3,野狗,Lv 1 - 20,魔力+1
4,蒼狼,Lv 1 - 20,幸運+1
6,青狼,Lv 1 - 20,"力量+10
魔力+10"
7,小綠龍,Lv 1 - 20,魔力+1
9,野豬,Lv 1 - 20,力量+1
10,花花衛兵,Lv 1 - 20,體力 +1
12,黃甲衛兵,Lv 1 - 20,幸運+1
15,綠凍凍,Lv 1 - 20,魔力+1
16,哥布林,Lv 1 - 20,幸運+1
17,毒蟻G,Lv 1 - 20,力量+1
18,奶嘴饞寶寶,Lv 1 - 20,體力 +1
19,藍甲衛兵,Lv 1 - 20,"體力 +10
幸運+10"
41,大王哥布林,Lv 1 - 20,體力 +1
22,蝴蝶仙子,Lv 1 - 20,體力 +1
29,蝙蝠,Lv 21 - 40,力量+1
26,古蜥蜴人,Lv 21 - 40,體力 +1
27,古蜥蜴人的靈魂,Lv 21 - 40,魔力+1
28,狐狸巡邏兵,Lv 21 - 40,幸運+1
32,圓桌騎士,Lv 21 - 40,力量+1
33,棕熊,Lv 21 - 40,體力 +1
35,火妖精,Lv 21 - 40,幸運+1
37,凱米拉,Lv 21 - 40,"體力 +2
水抵抗力+5"
38,黑熊,Lv 21 - 40,魔力+1
40,耶比爸爸,Lv 21 - 40,力量+1
44,強盜狼,Lv 21 - 40,"移動速度+1%
繩索移動速度+10%
梯子移動速度+10%"
46,黑色蟻G,Lv 21 - 40,魔力+1
48,青蛙G,Lv 21 - 40,力量+1
50,九尾狐,Lv 21 - 40,魔力+1
51,銀髮天狐,Lv 21 - 40,幸運+1
52,南瓜怪,Lv 21 - 40,力量+1
54,耶比弟弟,Lv 21 - 40,魔力+1
55,古典的無瞳氣球鬼,Lv 21 - 40,幸運+1
56,老虎,Lv 21 - 40,力量+1
57,齊天大聖,Lv 21 - 40,體力 +1
60,蜜桃怪,Lv 21 - 40,力量+1
61,古典的醬缸怪,Lv 21 - 40,體力 +1
62,黑虎,Lv 21 - 40,魔力+1
63,獵犬,Lv 21 - 40,幸運+1
66,河童,Lv 21 - 40,道具掉落率+1%
67,古典的幽靈狼人,Lv 21 - 40,幸運+1
68,狐狸武士,Lv 21 - 40,力量+1
69,白虎,Lv 21 - 40,體力 +1
72,古典的紅蓮,Lv 21 - 40,力量+2
74,齊天大聖(真),Lv 21 - 40,"魔力+4
水抵抗力+5"
75,古典的死靈使者,Lv 21 - 40,"幸運+6
幸運+20
防禦力+20"
70,櫻花樹邪靈,Lv 41 - 60,魔力+1
80,青影忍者,Lv 41 - 60,力量+2
81,白櫻花樹邪靈,Lv 41 - 60,體力 +2
82,海螺公主,Lv 41 - 60,魔力+2
83,赤影忍者,Lv 41 - 60,幸運+2
84,青蛙王子,Lv 41 - 60,力量+2
85,花花蛇,Lv 41 - 60,體力 +2
86,紫影忍者,Lv 41 - 60,魔力+2
88,蜘蛛精,Lv 41 - 60,力量+2
89,黑影忍者,Lv 41 - 60,體力 +2
90,白影忍者,Lv 41 - 60,魔力+2
92,吸血蝙蝠,Lv 41 - 60,力量+2
94,紫色耶比妹妹,Lv 41 - 60,魔力+2
95,機器耶比,Lv 41 - 60,"幸運+2
魔力+2"
97,禿鷲,Lv 41 - 60,體力 +2
98,幽靈狼,Lv 41 - 60,"目標物理防禦力減少1%
目標魔法抵抗力減少+1%"
100,玫瑰凍凍,Lv 41 - 60,力量+2
102,大嘴食人花,Lv 41 - 60,魔力+2
105,橙凍凍,Lv 41 - 60,體力 +2
109,禦守忍者,Lv 41 - 60,"體力 +4
物理回擊傷害+1%"
110,耶比哥哥,Lv 41 - 60,魔力+2
111,刺花美眉,Lv 41 - 60,幸運+2
113,殭屍,Lv 41 - 60,體力 +2
116,狂暴沙盜,Lv 41 - 60,力量+2
118,舞扇忍者,Lv 41 - 60,魔力+2
120,木乃伊殭屍,Lv 41 - 60,力量+2
122,骷髏戰士,Lv 41 - 60,魔力+2
124,木乃伊耶比,Lv 41 - 60,力量+2
125,電鋸狂人,Lv 41 - 60,體力 +2
128,亡靈巫師,Lv 41 - 60,力量+2
131,無瞳氣球鬼,Lv 41 - 60,幸運+2
132,暗殺者,Lv 41 - 60,"力量+4
水抵抗力+10"
146,鬼武士,Lv 41 - 60,幸運+2
190,影子忍者王,Lv 41 - 60,幸運+3
20,球狀病毒,Lv 61 - 80,幸運+1
23,球狀大病毒,Lv 61 - 80,魔力+1
25,白血球護士,Lv 61 - 80,力量+1
30,紅血球醫生,Lv 61 - 80,體力 +1
31,桿狀病毒,Lv 61 - 80,魔力+1
34,桿狀大病毒,Lv 61 - 80,魔力+1
36,痢疾病毒細菌,Lv 61 - 80,力量+1
42,螞蟻士兵,Lv 61 - 80,魔力+1
126,吞天獸,Lv 61 - 80,魔力+2
127,蛇女,Lv 61 - 80,幸運+2
133,靈魂收割者,Lv 61 - 80,體力 +2
135,蒙面女盜賊,Lv 61 - 80,"幸運+4
水抵抗力+10"
137,醬缸怪,Lv 61 - 80,體力 +2
138,螃蟹怪,Lv 61 - 80,魔力+2
140,藍螃蟹怪,Lv 61 - 80,力量+2
142,幽靈狼人,Lv 61 - 80,幸運+2
143,海之星,Lv 61 - 80,力量+2
144,殭屍船員,Lv 61 - 80,體力 +2
145,野蠻族,Lv 61 - 80,魔力+2
147,紅蓮,Lv 61 - 80,力量+2
148,水圖騰,Lv 61 - 80,"屬性力+1
水抵抗力+10"
152,骷髏船員,Lv 61 - 80,體力 +2
153,死靈使者,Lv 61 - 80,"魔力+6
魔力+20
物理傷害+5"
155,匹諾曹,Lv 61 - 80,力量+2
156,地圖騰,Lv 61 - 80,"屬性力+1
水抵抗力+10"
159,枯樹精,Lv 61 - 80,力量+2
160,風圖騰,Lv 61 - 80,"屬性力+1
水抵抗力+10"
161,原始的機器耶比,Lv 61 - 80,
166,火圖騰,Lv 61 - 80,"屬性力+1
水抵抗力+10"
169,蜂鳥,Lv 61 - 80,魔力+2
170,老妖枯樹精,Lv 61 - 80,幸運+2
174,食人花,Lv 61 - 80,幸運+2
177,綠龍,Lv 61 - 80,魔力+2
182,森林金剛,Lv 61 - 80,幸運+3
197,金剛芭比,Lv 61 - 80,魔力+3
49,蟻后,Lv 81 - 100,體力 +1
58,白色蟻G,Lv 81 - 100,魔力+1
59,毛絨球,Lv 81 - 100,幸運+1
76,石灰幼龍,Lv 81 - 100,力量+2
77,地龍寶寶,Lv 81 - 100,體力 +2
78,風龍寶寶,Lv 81 - 100,魔力+2
79,水龍寶寶,Lv 81 - 100,幸運+2
101,小紫龍,Lv 81 - 100,體力 +2
104,劍齒虎,Lv 81 - 100,力量+2
106,劍齒虎首領,Lv 81 - 100,魔力+2
112,雷龍,Lv 81 - 100,"力量+20
魔力+20"
115,司戴高,Lv 81 - 100,幸運+2
117,大力司戴高,Lv 81 - 100,體力 +2
121,翼手龍,Lv 81 - 100,體力 +2
130,螳螂怪,Lv 81 - 100,魔力+2
134,蜂怪長矛手,Lv 81 - 100,魔力+2
136,蜂怪弓箭手,Lv 81 - 100,力量+2
141,蜂怪戰士,Lv 81 - 100,"幸運+20
體力 +20"
151,女王蜂,Lv 81 - 100,力量+2
178,野蠻族飛鏢手,Lv 81 - 100,幸運+2
183,古代蜘蛛精,Lv 81 - 100,力量+3
184,寶物房間守衛兵,Lv 81 - 100,體力 +3
186,野蠻族火炬手,Lv 81 - 100,幸運+3
191,野蠻族持杖手,Lv 81 - 100,魔法最小傷害+1%
203,行走水母,Lv 81 - 100,力量+3
208,山嶺巨人,Lv 81 - 100,體力 +3
209,海馬,Lv 81 - 100,魔力+3
212,石像巨人,Lv 81 - 100,體力 +3
213,坎貝爾,Lv 81 - 100,魔力+3
217,考拉拉,Lv 81 - 100,魔力+3
220,金剛巨人,Lv 81 - 100,"體力 +6
水抵抗力+20"
226,企鵝紳士,Lv 81 - 100,幸運+3
204,無瞳氣球鬼,Lv 101 - 120,體力 +3
211,醬缸怪,Lv 101 - 120,力量+3
219,幽靈狼人,Lv 101 - 120,力量+3
223,紅蓮,Lv 101 - 120,力量+3
228,死靈使者,Lv 101 - 120,"力量+9
力量+20
魔法傷害+5"
24,塔之森林金剛Lv 110,Lv 101 - 120,幸運+1
21,蛄蟹,Lv 101 - 120,力量+1
64,雪女,Lv 101 - 120,力量+1
65,雪爾奇,Lv 101 - 120,"體力 +2
水抵抗力+10"
73,野豬,Lv 101 - 120,體力 +2
87,巨型野豬,Lv 101 - 120,幸運+2
93,天蛾人,Lv 101 - 120,體力 +2
99,鷹身女妖,Lv 101 - 120,"幸運+4
魔法回擊傷害+1%"
149,花子,Lv 101 - 120,魔力+2
163,野蠻阿迪,Lv 101 - 120,力量+2
171,綠蜥蜴人,Lv 101 - 120,力量+2
179,侍郎老頭,Lv 101 - 120,力量+3
188,狼新娘,Lv 101 - 120,體力 +3
198,圓桌武士,Lv 101 - 120,幸運+3
229,白狼,Lv 101 - 120,魔力+3
231,滑雪清道夫,Lv 101 - 120,力量+3
233,牛魔王,Lv 101 - 120,"幸運+6
水抵抗力+15"
236,阿婆人參,Lv 101 - 120,魔力+3
238,莫迪,Lv 101 - 120,力量+3
241,乞丐貓,Lv 101 - 120,幸運+3
242,瑤朗,Lv 101 - 120,力量+3
243,不可殺伊,Lv 101 - 120,體力 +3
244,窮氣,Lv 101 - 120,魔力+3
247,青巾盜賊,Lv 101 - 120,體力 +3
249,牡丹燈籠,Lv 101 - 120,魔法最大傷害+1%
250,紫巾盜賊,Lv 101 - 120,力量+3
334,徬徨的神女,Lv 101 - 120,力量+5
381,犬身少年,Lv 101 - 120,力量+4
246,吟遊詩人珍 Lv 120,Lv 101 - 120,力量+3
419,獨角巨頭怪,Lv 101 - 120,所有能力值 +2
260,華爾基莉,Lv 121 - 140,魔力+3
5,金剛芭比 Lv 130,Lv 121 - 140,力量+1
8,憤怒的耶比,Lv 121 - 140,幸運+1
39,殭屍耶比弟弟,Lv 121 - 140,幸運+1
45,地下蝙蝠,Lv 121 - 140,體力 +1
71,魔王哥布林,Lv 121 - 140,幸運+1
218,土撥鼠快槍手,Lv 121 - 140,幸運+3
221,蒙面仙人掌,Lv 121 - 140,魔力+3
222,響尾蛇姑娘,Lv 121 - 140,幸運+3
227,吟遊詩人珍,Lv 121 - 140,"體力 +6
魔法回擊傷害+1%"
248,小豆羊,Lv 121 - 140,魔力+3
252,黑豆羊,Lv 121 - 140,魔力+3
254,黑巾盜賊,Lv 121 - 140,力量+3
255,奧比亞,Lv 121 - 140,體力 +3
256,赤巾盜賊,Lv 121 - 140,魔力+3
258,白巾盜賊,Lv 121 - 140,"力量+6
物理回擊傷害+1%"
261,小豆士兵,Lv 121 - 140,幸運+3
264,小豆騎士,Lv 121 - 140,魔力+4
266,藍烏龜,Lv 121 - 140,力量+4
268,小豆弓手,Lv 121 - 140,魔力+4
269,小海膽,Lv 121 - 140,幸運+4
270,蛋蛋戰士,Lv 121 - 140,力量+4
271,海豚姑娘,Lv 121 - 140,體力 +4
273,蛋蛋法師,Lv 121 - 140,幸運+4
274,人魚公主,Lv 121 - 140,魔法最小傷害+1%
276,蛋蛋槍手,Lv 121 - 140,魔力+4
277,倉鼠果凍,Lv 121 - 140,幸運+4
279,螺殼小章魚,Lv 121 - 140,體力 +4
281,蒙面小章魚,Lv 121 - 140,幸運+4
288,狐狸巡邏兵見習騎士,Lv 121 - 140,魔力+4
289,兇暴的狐狸巡邏兵見習騎士,Lv 121 - 140,幸運+4
290,兇暴的狐狸巡邏兵親衛隊,Lv 121 - 140,力量+4
293,狐狸巡邏兵親衛隊,Lv 121 - 140,幸運+4
297,狐狸巡邏兵見習槍手,Lv 121 - 140,幸運+4
298,兇暴的狐狸巡邏兵見習槍手,Lv 121 - 140,力量+4
299,兇暴的狐狸巡邏兵護衛隊,Lv 121 - 140,體力 +4
305,狐狸巡邏兵護衛隊,Lv 121 - 140,幸運+4
382,犬身少俠,Lv 121 - 140,體力 +4
383,貓身少女,Lv 121 - 140,幸運+4
384,貓身娘娘,Lv 121 - 140,魔力+4
385,老虎拳教練,Lv 121 - 140,幸運+4
386,老虎拳師傅,Lv 121 - 140,"力量+4
魔力+4"
387,狐仙蕾蕾,Lv 121 - 140,"體力 +12
體力 +20
魔法傷害+5"
283,腳印貓咪,Lv 121 - 140,體力 +4
285,面具貓咪,Lv 121 - 140,幸運+4
291,流氓貓咪,Lv 121 - 140,體力 +4
295,海盜貓咪,Lv 121 - 140,體力 +4
420,華麗醬缸怪,Lv 121 - 140,所有能力值 +2
421,流星錘巨人,Lv 121 - 140,所有能力值 +2
422,復仇女妖,Lv 121 - 140,所有能力值 +2
423,機器娃娃,Lv 121 - 140,所有能力值 +2
424,勾魂者,Lv 121 - 140,所有能力值 +4
425,少女人蔘,Lv 121 - 140,所有能力值 +2
164,奧利佛空軍,Lv 141 - 160,體力 +2
165,奧利佛海軍,Lv 141 - 160,魔力+2
167,新奧利佛海軍,Lv 141 - 160,力量+2
172,雜技團,Lv 141 - 160,體力 +2
173,新雜技團,Lv 141 - 160,魔力+2
176,奧利佛炮兵,Lv 141 - 160,體力 +2
216,火焰巨人,Lv 81 - 100,體力 +3
180,飛艇兵團,Lv 141 - 160,體力 +3
185,超級飛艇兵團,Lv 141 - 160,魔力+3
187,唉唷唉唷砲兵,Lv 141 - 160,力量+3
189,哎呦特攻隊,Lv 141 - 160,魔力+3
192,超級哎呦特攻隊,Lv 141 - 160,體力 +3
194,奧列佛雕像,Lv 141 - 160,幸運+3
263,哄芭芭,Lv 141 - 160,體力 +4
267,貞德,Lv 141 - 160,體力 +4
272,冰霜巨人,Lv 141 - 160,魔力+4
278,卡伊,Lv 141 - 160,力量+4
280,機甲戰士,Lv 141 - 160,魔力+4
282,霏霏,Lv 141 - 160,物理最小傷害+1%
284,閃電,Lv 141 - 160,魔力+4
129,Lv150 塔之絕對零度,Lv 141 - 160,體力 +2
53,Lv160 塔之羅波那,Lv 141 - 160,體力 +1
287,卡特,Lv 141 - 160,體力 +4
292,貝特,Lv 141 - 160,魔力+4
296,芬莉勒,Lv 141 - 160,魔力+4
300,沃參,Lv 141 - 160,魔力+4
301,自由小章魚神像,Lv 141 - 160,幸運+4
303,帝國小狗,Lv 141 - 160,體力 +4
304,墮落的帝國小狗,Lv 141 - 160,魔力+4
306,帝國槍兵,Lv 141 - 160,力量+4
307,墮落的帝國槍兵,Lv 141 - 160,體力 +4
308,小章魚士兵,Lv 141 - 160,魔力+4
309,帝國槍兵隊長,Lv 141 - 160,幸運+4
310,墮落的帝國槍兵隊長,Lv 141 - 160,力量+4
312,柯鬥,Lv 141 - 160,魔力+4
313,帝國軍遊擊騎士,Lv 141 - 160,幸運+4
314,墮落的帝國軍遊擊騎士,Lv 141 - 160,力量+4
316,帝國軍遊擊指揮官,Lv 141 - 160,"魔力+8
最大攻擊力+3"
317,瑤勒文德,Lv 141 - 160,幸運+4
319,謎樣女,Lv 141 - 160,體力 +4
321,謎樣男,Lv 141 - 160,幸運+4
322,羅基,Lv 141 - 160,魔法最大傷害+1%
339,飛飛耶比,Lv 141 - 160,力量+5
340,小山羊,Lv 141 - 160,體力 +5
442,煙火尾巴奧比亞,Lv 141 - 160,力量+5
410,神秘小矮人學者,Lv 161 - 180,力量+5
119,歐備倫&泰翼娜,Lv 161 - 180,"幸運+6
最大SP+50
休息恢復SP+10"
96,法師徒弟,Lv 161 - 180,力量+2
103,基傑,Lv 161 - 180,幸運+2
114,胡桃夾子,Lv 161 - 180,魔力+2
11,無線機器,Lv 161 - 180,魔力+1
324,看不見的人,Lv 161 - 180,"道具掉落率+1%
物理回擊傷害+1%"
326,歌劇座的怪人,Lv 161 - 180,力量+5
327,依萊佳,Lv 161 - 180,體力 +5
341,鑽石耶比,Lv 161 - 180,幸運+5
388,犬身少年,Lv 161 - 180,力量+4
389,犬身少俠,Lv 161 - 180,體力 +4
446,落伍的見習生,Lv 161 - 180,力量+5
447,影子強盜,Lv 161 - 180,體力 +5
448,維多利亞,Lv 161 - 180,魔力+5
449,短劍少女,Lv 161 - 180,幸運+5
107,Lv170 塔之死靈使者,Lv 161 - 180,幸運+2
108,Lv180 塔之阿修羅王,Lv 161 - 180,力量+2
342,流氓山羊,Lv 161 - 180,魔力+5
343,哈雷茵少女,Lv 161 - 180,力量+5
344,粉粉耶比,Lv 161 - 180,體力 +5
345,獅鷲寶寶,Lv 161 - 180,幸運+5
346,哈雷茵獅鷲,Lv 161 - 180,魔力+5
347,老大山羊,Lv 161 - 180,"力量+10
屬性發生機率+40%"
355,赫咪特,Lv 161 - 180,體力 +5
360,圖書館的赫咪特,Lv 161 - 180,幸運+10
395,明星看守者,Lv 161 - 180,幸運+5
397,月精靈叢林看守者,Lv 161 - 180,力量+5
398,月精靈園林看守者,Lv 161 - 180,魔力+5
405,矮星礦夫,Lv 161 - 180,幸運+5
406,矮星工人,Lv 161 - 180,魔力+5
407,矮星法師,Lv 161 - 180,力量+5
408,神秘小矮人清潔工,Lv 161 - 180,魔力+5
409,神秘小矮人收集家,Lv 161 - 180,幸運+5
411,魔王的魔爪,Lv 161 - 180,所有能力值 +3
413,崩壞的靈魂,Lv 161 - 180,所有能力值 +3
432,代理人 修巴爾茲,Lv 161 - 180,
437,霏霏莫斯丹,Lv 161 - 180,力量+5
438,赤眼軍官改,Lv 161 - 180,體力 +5
439,跳跳舞蹈家,Lv 161 - 180,幸運+5
440,機甲戰士梅依登,Lv 161 - 180,魔力+5
441,代理人 修巴爾茲,Lv 161 - 180,所有能力值 +5
443,野狼小妞,Lv 161 - 180,魔力+5
444,人面獅身寶寶,Lv 161 - 180,所有能力值 +2
320,可愛機器人,Lv 181 - 200,魔力+4
235,紅豆魚餅,Lv 181 - 200,物理最大傷害+1%
13,帝亞歐,Lv 181 - 200,力量+1
14,mk5,Lv 181 - 200,體力 +1
286,林豈,Lv 181 - 200,力量+4
294,破碎機,Lv 181 - 200,力量+4
302,獵戶,Lv 181 - 200,力量+4
311,步行者,Lv 181 - 200,物理最大傷害+1%
318,波茲,Lv 181 - 200,力量+4
323,絕對零度,Lv 181 - 200,"體力 +10
最小攻擊力+3"
196,挖地工頭,Lv 181 - 200,體力 +3
390,貓身少女,Lv 181 - 200,幸運+4
391,貓身娘娘,Lv 181 - 200,魔力+4
392,老虎拳教練,Lv 181 - 200,幸運+4
393,老虎拳師傅,Lv 181 - 200,"力量+4
體力 +4"
199,挖地弟弟,Lv 181 - 200,力量+3
201,挖地妹妹,Lv 181 - 200,魔力+3
210,紅心3,Lv 181 - 200,幸運+3
230,冰棒棒,Lv 181 - 200,幸運+3
232,冰棒棒(兄),Lv 181 - 200,體力 +3
234,春植堡,Lv 181 - 200,力量+3
237,紅豆甜魚餅,Lv 181 - 200,幸運+3
240,甜圈薑餅人,Lv 181 - 200,魔力+3
394,狐仙蕾蕾,Lv 181 - 200,"體力 +12
體力 +20
物理傷害+5"
472,夏日安蒂,Lv 181 - 200,力量+7
473,秋日安蒂,Lv 181 - 200,體力 +7
474,蔭影安蒂,Lv 181 - 200,魔力+7
475,巧克露咪,Lv 181 - 200,幸運+7
476,藍藍露咪,Lv 181 - 200,力量+7
477,爆彈花花,Lv 181 - 200,體力 +7
478,忍者兄弟,Lv 181 - 200,魔力+7
479,大地族暴走娃,Lv 181 - 200,幸運+7
168,仙界的教練,Lv 181 - 200,體力 +2
154,仙界的喬安潘,Lv 181 - 200,幸運+2
181,精靈樹的可雅,Lv 181 - 200,魔力+3
195,精靈樹的歐備倫&泰翼娜,Lv 181 - 200,力量+3
205,精靈樹的森林金剛,Lv 181 - 200,魔力+3
215,仙界的阿修羅王,Lv 181 - 200,力量+3
150,Lv190 塔之凱羅貝魯斯,Lv 181 - 200,幸運+2
202,Lv200 塔之薩伊安,Lv 181 - 200,幸運+3
206,黑桃5,Lv 181 - 200,幸運+3
214,大眼劍,Lv 181 - 200,幸運+3
224,跳棋騎士,Lv 181 - 200,物理最小傷害+1%
253,麥當當叔叔,Lv 181 - 200,幸運+3
257,薯條,Lv 181 - 200,幸運+3
259,棋子神像,Lv 181 - 200,體力 +3
262,薯條加番茄醬,Lv 181 - 200,力量+4
329,虛弱的小小哥布林,Lv 181 - 200,幸運+5
331,虛弱的哥布林婦女,Lv 181 - 200,體力 +5
332,虛弱的哥布林士兵,Lv 181 - 200,魔力+5
333,小小哥布林,Lv 181 - 200,幸運+5
335,哥布林婦女,Lv 181 - 200,體力 +5
336,哥布林士兵,Lv 181 - 200,魔力+5
337,明王哥布林,Lv 181 - 200,幸運+5
338,鐵王哥布林,Lv 181 - 200,力量+5
348,帝國工兵,Lv 181 - 200,體力 +5
349,帝國軍魔道泥人,Lv 181 - 200,幸運+5
350,修理用魔道泥人,Lv 181 - 200,魔力+5
351,高級遊擊兵,Lv 181 - 200,力量+5
352,帝國軍高級泥人,Lv 181 - 200,體力 +5
353,修理用高級泥人,Lv 181 - 200,幸運+5
354,帝國騎士隊長,Lv 181 - 200,"力量+15
休息恢復HP+25
目標物理防禦力減少1%"
356,拉伊沃德,Lv 181 - 200,幸運+5
357,布沃恩,Lv 181 - 200,魔力+5
358,故事精靈,Lv 181 - 200,力量+5
359,飛翔護甲,Lv 181 - 200,體力 +5
361,圖書館的拉伊沃德,Lv 181 - 200,魔力+10
362,圖書館的布沃恩,Lv 181 - 200,力量+10
363,圖書館的故事精靈,Lv 181 - 200,體力 +10
364,圖書館的飛翔護甲,Lv 181 - 200,幸運+10
365,貝爾法圖書館員,Lv 181 - 200,"體力 +10
幸運+10"
367,獨角獸寶寶,Lv 181 - 200,體力 +5
368,飛馬寶寶,Lv 181 - 200,幸運+5
369,露比卡芳剋,Lv 181 - 200,魔力+5
370,人偶騎士,Lv 181 - 200,力量+5
371,花園的獨角獸,Lv 181 - 200,體力 +10
372,花園的飛馬,Lv 181 - 200,幸運+10
373,花園的卡芳剋,Lv 181 - 200,魔力+10
374,花園的人偶騎士,Lv 181 - 200,力量+10
375,花園的惡魔護甲,Lv 181 - 200,體力 +10
376,花園的諾爾,Lv 181 - 200,幸運+10
377,花園的兇暴諾爾,Lv 181 - 200,魔力+10
378,花園的飛翔護甲,Lv 181 - 200,力量+10
379,凱羅貝魯斯,Lv 181 - 200,"魔力+10
力量+10"
396,核心看守者,Lv 181 - 200,魔力+5
401,寶石龍幼蟲,Lv 181 - 200,力量+10
402,被污染的幼蟲,Lv 181 - 200,魔力+10
403,寶石龍,Lv 181 - 200,"幸運+15
魔法回擊傷害+1%"
404,魯斯,Lv 181 - 200,"體力 +15
物理回擊傷害+1%"
412,鏽蝕的軀殼,Lv 181 - 200,所有能力值 +3
415,飢餓諾爾,Lv 181 - 200,力量+5
416,強悍諾爾,Lv 181 - 200,體力 +10
417,露菲寶寶,Lv 181 - 200,幸運+10
418,沒有主人的騎士,Lv 181 - 200,魔力+10
572,忍者面具貓咪,Lv 181 - 200,魔力+5
573,青苔面具貓咪,Lv 181 - 200,幸運+5
574,藍色海螺殼小章魚,Lv 181 - 200,力量+5
575,綠色海螺殼小章魚,Lv 181 - 200,體力 +5
576,褐色腳印貓咪,Lv 181 - 200,最大HP +50
577,灰色腳印貓咪,Lv 181 - 200,魔力+5
578,破碎的自由小章魚神像,Lv 181 - 200,幸運+5
579,青苔自由小章魚神像,Lv 181 - 200,力量+5
580,青苔流氓貓,Lv 181 - 200,體力 +5
581,黑色流氓貓,Lv 181 - 200,最大HP +50
427,艾溫,Lv 181 - 200,體力 +15
428,代理人 安迪,Lv 181 - 200,力量+20
429,代理人 喬伊,Lv 181 - 200,幸運+20
430,代理人 尼歐,Lv 181 - 200,魔力+20
431,代理人 吉爾,Lv 181 - 200,體力 +20
433,霏霏布拉登,Lv 181 - 200,魔法傷害+5
434,赤眼軍官殘,Lv 181 - 200,物理傷害+5
435,跳跳波司,Lv 181 - 200,移動速度+2%
436,機甲戰士 高特斯,Lv 181 - 200,"梯子移動速度+5%
繩索移動速度+5%"
480,西爾戈斯,Lv 181 - 200,所有能力值 +25
481,龍龍希野巴,Lv 201 - 220,力量+6
482,龍龍拉久那,Lv 201 - 220,體力 +6
483,龍龍畢安托,Lv 201 - 220,魔力+6
484,惡魔的靈魂,Lv 201 - 220,幸運+6
485,惡魔的怨念,Lv 201 - 220,力量+6
486,混沌的靈魂碎片,Lv 201 - 220,體力 +6
487,石頭泥人,Lv 201 - 220,魔力+6
488,翡翠綠泥人,Lv 201 - 220,幸運+6
489,紅寶石泥人,Lv 201 - 220,力量+6
490,戰鬥蜂突擊軍,Lv 201 - 220,體力 +6
491,女王蜂護衛軍,Lv 201 - 220,魔力+6
492,戰鬥蜂後備軍,Lv 201 - 220,幸運+6
493,雷鈦,Lv 201 - 220,力量+6
494,雷鈦戰士,Lv 201 - 220,體力 +6
495,兔子雷鈦,Lv 201 - 220,魔力+6
496,蝸牛泡泡,Lv 201 - 220,幸運+6
497,泥塊泡泡,Lv 201 - 220,力量+6
498,果凍泡泡,Lv 201 - 220,體力 +6
499,愉快克利魯斯,Lv 201 - 220,魔力+6
500,悲傷克利魯斯,Lv 201 - 220,幸運+6
501,憤怒克利魯斯,Lv 201 - 220,力量+6
502,禦守玫瑰,Lv 201 - 220,體力 +6
503,禦守蒲公英,Lv 201 - 220,魔力+6
504,禦守繡球花,Lv 201 - 220,幸運+6
505,威伊特魯諾,Lv 201 - 220,力量+6
506,威伊特莉娜,Lv 201 - 220,體力 +6
507,威伊特雷斯,Lv 201 - 220,魔力+6
508,龍京軍劍兵,Lv 201 - 220,力量+6
509,龍京軍弓兵,Lv 201 - 220,體力 +6
510,精銳劍兵,Lv 201 - 220,魔力+6
511,精銳弓兵,Lv 201 - 220,幸運+6
512,獵戰兵,Lv 201 - 220,所有能力值 +6
513,龍京軍武將,Lv 201 - 220,力量+6
514,龍京軍矛槍兵,Lv 201 - 220,體力 +6
515,龍京文官,Lv 201 - 220,魔力+6
519,精銳矛槍兵,Lv 201 - 220,幸運+6
520,隨行侍女,Lv 201 - 220,所有能力值 +2
543,楓葉龍龍,Lv 201 - 220,魔力+7
544,綠葉龍龍,Lv 201 - 220,幸運+7
545,多帕茲卡麥隆,Lv 201 - 220,力量+7
546,點凍凍,Lv 201 - 220,體力 +7
547,黑暗精靈戰士,Lv 201 - 220,所有能力值 +2
548,黑暗精靈弓箭手,Lv 201 - 220,所有能力值 +2
550,洞窟蝙蝠,Lv 201 - 220,魔力+10
551,被封印魔力的骷髏戰士,Lv 201 - 220,體力 +10
552,被封印魔力的骷髏親衛隊,Lv 201 - 220,力量+10
553,被封印魔力的骷髏弓箭手,Lv 201 - 220,幸運+10
582,園丁老大,Lv 201 - 220,力量+7
583,花草叢怪,Lv 201 - 220,魔力+7
584,歐若拉守護者,Lv 201 - 220,體力 +7
585,方塊A,Lv 201 - 220,幸運+7
586,梅花A,Lv 201 - 220,所有能力值 +5
587,鋼鐵園丁老大,Lv 201 - 220,力量+12
588,紅心A,Lv 201 - 220,魔力+12
589,黑桃A,Lv 201 - 220,體力 +12
590,歐若拉飛馬,Lv 201 - 220,幸運+12
591,歐若拉蜜蜂弓箭手,Lv 201 - 220,所有能力值 +5
592,黃金歐若拉蜜蜂弓箭手,Lv 201 - 220,所有能力值 +5
593,啵啵玲,Lv 201 - 220,最大HP +150
594,骷髏玲,Lv 201 - 220,最大HP +150
597,生鐵背殼偵查隊,Lv 201 - 220,力量+6
598,生鐵背殼敢死隊,Lv 201 - 220,魔力+6
599,生鐵背殼襲擊隊,Lv 201 - 220,體力 +6
600,紅色兔子突擊隊,Lv 201 - 220,幸運+6
601,紅色兔子精銳隊,Lv 201 - 220,所有能力值 +4
602,紅色兔子打擊隊,Lv 201 - 220,所有能力值 +4
614,立佩拉劍兵,Lv 201 - 220,"防禦力+10
所有能力值 +3"
615,立佩拉盾兵,Lv 201 - 220,"防禦力+10
所有能力值 +3"
616,立佩拉槍兵,Lv 201 - 220,"防禦力+10
所有能力值 +3"
617,立佩拉特戰隊劍士,Lv 201 - 220,"水抵抗力+10
所有能力值 +3"
618,立佩拉特戰隊暗殺者,Lv 201 - 220,"水抵抗力+10
所有能力值 +3"
619,立佩拉特戰隊法師,Lv 201 - 220,"水抵抗力+10
所有能力值 +3"
622,暗黑華爾基莉,Lv 201 - 220,"力量+5
魔力+5"
623,冰凍古蜥蜴人,Lv 201 - 220,"體力 +5
幸運+5"
624,冰凍綠龍,Lv 201 - 220,所有能力值 +3
625,暗黑巨人,Lv 201 - 220,所有能力值 +6
626,墮落的貝爾德波尼爾,Lv 201 - 220,"力量+8
魔力+8"
627,特穆拉,Lv 201 - 220,體力 +10
628,黑之守護者,Lv 201 - 220,幸運+10
629,地獄守護者,Lv 201 - 220,所有能力值 +6
632,露比亞,Lv 201 - 220,"最小/最大攻擊力 +4
屬性力+4"
633,密斯緹,Lv 201 - 220,力量+10
634,狂怒石頭泥人,Lv 201 - 220,體力 +10
635,閃電沙魯,Lv 201 - 220,幸運+10
636,風電鷹身女妖,Lv 201 - 220,魔力+10
637,拉歐諾,Lv 201 - 220,最大HP +100
638,閃電妖精,Lv 201 - 220,最大HP +100
639,狂怒幽靈狼,Lv 201 - 220,最大HP +100
640,神秘綠凍凍,Lv 201 - 220,最大HP +100
678,致命機甲鑽探機,Lv 201 - 220,"力量+10
魔力+10"
679,致命機甲光波,Lv 201 - 220,"力量+10
魔力+10"
680,矮人打擊隊,Lv 201 - 220,"體力 +10
幸運+10"
681,矮人突擊隊,Lv 201 - 220,"體力 +10
幸運+10"
693,暗黑獨角獸,Lv 201 - 220,防禦力+50
694,寶藍獨角獸,Lv 201 - 220,水抵抗力+20
695,暗黑飛馬,Lv 201 - 220,力量+15
696,寶藍飛馬,Lv 201 - 220,魔力+15
452,花之路 女司祭的幻影,Lv 181 - 200,物理/魔法最小傷害 +1%
453,花之路 銀月的露娜莉絲,Lv 181 - 200,力量+5
454,月之路 光月的露娜莉絲,Lv 181 - 200,體力 +5
455,花之路 泰勒族戰鬥貓咪,Lv 181 - 200,魔力+5
456,花之路 泰勒族家貓,Lv 181 - 200,幸運+5
457,花之路 泰勒族流浪貓,Lv 181 - 200,力量+5
458,月之路 冥王木劍士,Lv 181 - 200,體力 +5
459,月之路 冥王水劍士,Lv 181 - 200,魔力+5
460,月之路 漆黑的龍劍士,Lv 181 - 200,幸運+5
461,黑龍的幻影,Lv 181 - 200,物理/魔法爆擊傷害 +1%
463,索爾,Lv 181 - 200,力量+5
464,雷神的幻影,Lv 181 - 200,體力 +5
465,世界樹的舉著槍的愛音惠萊爾,Lv 181 - 200,魔力+5
466,世界樹的舉著戟的愛音惠萊爾,Lv 181 - 200,幸運+5
467,世界樹的舉著雙面槍的愛音惠萊爾,Lv 181 - 200,力量+5
468,世界樹的舉著斧頭的愛音惠萊爾,Lv 181 - 200,體力 +5
469,赫雷司貝格,Lv 181 - 200,魔力+5
470,貝爾德波尼爾,Lv 181 - 200,幸運+5
521,月華院的士兵殭屍,Lv 221 - 240,"防禦力+100
最大HP +100"
522,月華院的侍女殭屍,Lv 221 - 240,"防禦力+100
最大HP +100"
523,月華院的文官殭屍,Lv 221 - 240,"防禦力+100
最大HP +100"
524,月華院的親衛侍女,Lv 221 - 240,移動速度+3%
525,月華院的高級文官,Lv 221 - 240,水抵抗力+250
526,月華院的精銳武將,Lv 221 - 240,水抵抗力+250
527,月華院的靈喚道士,Lv 221 - 240,物理/魔法貫穿力 +1%
529,龍皇城的弓箭兵,Lv 221 - 240,魔法傷害+30
530,龍皇城的親衛劍兵,Lv 221 - 240,物理/魔法傷害 +15
531,龍皇城的黑龍劍兵,Lv 221 - 240,物理/魔法命中率 +2%
532,龍皇城的親衛弓兵,Lv 221 - 240,物理/魔法傷害 +15
533,龍皇城的黑龍弓兵,Lv 221 - 240,幸運+10
534,龍皇城的親衛矛槍兵,Lv 221 - 240,物理/魔法傷害 +15
535,龍皇城的黑龍矛槍兵,Lv 221 - 240,力量+10
536,龍皇城的親衛武將,Lv 221 - 240,物理/魔法傷害 +15
537,龍皇城的黑龍武將,Lv 221 - 240,魔力+10
538,被控制的皇室文官,Lv 221 - 240,體力 +10
539,龍皇城的黑龍軍文官,Lv 221 - 240,物理/魔法背後攻擊傷害 +3%
540,奇毅,Lv 221 - 240,體力 +30
554,尖角哥布林弓箭手,Lv 221 - 240,水抵抗力+100
555,尖角哥布林盜賊,Lv 221 - 240,屬性發生機率+100%
557,雙頭翼龍,Lv 221 - 240,"體力 +30
防禦力+100
移動速度+2%"
558,瑟洛斯,Lv 221 - 240,"力量+30
魔力+30
最大HP +100"
559,毀壞之城食人巨妖,Lv 221 - 240,幸運+12
560,毀壞之城食人巨妖工人,Lv 221 - 240,體力 +12
561,毀壞之城食人巨妖戰士,Lv 221 - 240,力量+12
562,毀壞之城食人巨妖法師,Lv 221 - 240,魔力+12
563,毀壞之城尖角哥布林戰士,Lv 221 - 240,魔法回避率+1%
564,毀壞之城尖角哥布林暗殺者,Lv 221 - 240,物理回避率+1%
565,毀壞之城尖角哥布林工人,Lv 221 - 240,所有能力值 +3
566,毀壞之城半獸人工人,Lv 221 - 240,體力 +12
567,毀壞之城半獸人戰士,Lv 221 - 240,力量+12
568,毀壞之城半獸人咒術師,Lv 221 - 240,魔力+12
569,毀壞之城半獸人司令官,Lv 221 - 240,物理/魔法貫穿力 +1%
570,毀壞之城黑暗精靈刺客,Lv 221 - 240,"魔法回擊傷害+1%
物理回擊傷害+1%"
571,毀壞之城白色蝙蝠,Lv 221 - 240,幸運+12
603,致命毒蛛劍術士,Lv 221 - 240,"防禦力+20
所有能力值 +2"
604,致命毒蛛矛槍術士,Lv 221 - 240,"防禦力+20
所有能力值 +2"
605,致命毒蛛毒術士,Lv 221 - 240,"防禦力+20
所有能力值 +2"
606,火薩拉曼德,Lv 221 - 240,"水抵抗力+20
所有能力值 +2"
607,毒薩拉曼德,Lv 221 - 240,"水抵抗力+20
所有能力值 +2"
608,詛咒薩拉曼德,Lv 221 - 240,"水抵抗力+20
所有能力值 +2"
609,蛙人戰士,Lv 221 - 240,力量+10
610,蛙人鬥士,Lv 221 - 240,"體力 +10
幸運+10"
611,蛙人法師,Lv 221 - 240,魔力+10
612,變種鯊,Lv 221 - 240,最大HP +250
620,迪特,Lv 221 - 240,"力量+10
魔力+10"
641,小鬼搜索隊,Lv 221 - 240,"力量+6
魔力+6"
642,小鬼追捕隊,Lv 221 - 240,"體力 +6
幸運+6"
643,青色沼澤部族獵人,Lv 221 - 240,所有能力值 +4
644,青色沼澤部族突擊隊,Lv 221 - 240,所有能力值 +4
645,女妖咒術師,Lv 221 - 240,物理/魔法傷害 +5
646,女妖法師,Lv 221 - 240,物理/魔法傷害 +5
647,蝴蝶騎士搜索者,Lv 221 - 240,"最大HP +30
所有能力值 +1"
648,精英羊獸人槍騎士,Lv 221 - 240,"最大HP +30
所有能力值 +1"
649,精英羊獸人鬥士,Lv 221 - 240,"最大攻擊力+1
最小攻擊力+1
屬性力+1"
664,葡萄冰棍怪,Lv 221 - 240,"防禦力+20
水抵抗力+50"
665,草莓冰棍怪,Lv 221 - 240,"防禦力+50
水抵抗力+20"
666,蔬菜鯛魚燒怪,Lv 221 - 240,"力量+5
魔力+3"
667,綠茶鯛魚燒怪,Lv 221 - 240,"力量+3
魔力+5"
668,冰凍鯛魚燒怪,Lv 221 - 240,"體力 +5
幸運+5"
669,白巧克力甜食怪,Lv 221 - 240,"體力 +5
幸運+5"
670,炸糯米甜食怪,Lv 221 - 240,"物理/魔法背後攻擊傷害 +1%
力量+2
魔力+2"
673,亞奇機甲小黃,Lv 221 - 240,"力量+6
魔力+6"
674,光波機器怪貓,Lv 221 - 240,"體力 +6
幸運+6"
675,致命機甲拳手,Lv 221 - 240,所有能力值 +4
676,酸性石頭怪,Lv 221 - 240,"最大HP +50
力量+3"
677,劇毒石頭怪,Lv 221 - 240,"最大HP +50
魔力+3"
682,矮人投擲隊,Lv 221 - 240,所有能力值 +8
683,熔岩石頭怪,Lv 221 - 240,"最大HP +200
力量+4
魔力+4"
684,機關掃射兵團,Lv 221 - 240,物理/魔法傷害 +30
685,大炮兵團,Lv 221 - 240,物理/魔法傷害 +30
686,散彈槍兵團,Lv 221 - 240,"防禦力+12
所有能力值 +2"
687,亞奇機甲小粉,Lv 221 - 240,"水抵抗力+12
所有能力值 +2"
688,亞奇機甲小藍,Lv 221 - 240,"物理/魔法傷害減少 +5
所有能力值 +2"
689,怪盜機器怪貓,Lv 221 - 240,"物理/魔法傷害 +5
所有能力值 +2"
690,騎士機器怪貓,Lv 221 - 240,"物理/魔法傷害減少 +5
所有能力值 +2"
692,亞奇戰龍,Lv 221 - 240,"最小/最大攻擊力 +5
屬性力+5"
697,暗黑法師徒弟,Lv 221 - 240,"體力 +8
幸運+12"
698,緋紅法師徒弟,Lv 221 - 240,"體力 +12
幸運+8"
699,黑色吉婕兒,Lv 221 - 240,"所有能力值 +3
體力 +1"
700,藍色吉婕兒,Lv 221 - 240,"所有能力值 +3
體力 +1"
701,沙漠狐狸族暗殺者,Lv 221 - 240,所有能力值 +4
702,爆炎吉尼,Lv 221 - 240,所有能力值 +4
703,死亡舞姬,Lv 221 - 240,物理/魔法命中率 +2%
704,瘋狂沙塵精靈,Lv 221 - 240,物理/魔法命中率 +2%
705,憤怒的火神戰士,Lv 221 - 240,物理/魔法命中率 +2%
725,憤怒的娜迦,Lv 221 - 240,"力量+6
魔力+6"
726,綠龍龜,Lv 221 - 240,"體力 +6
幸運+6"
727,粉紅龍龜,Lv 221 - 240,所有能力值 +4
728,魚人士兵,Lv 221 - 240,"最大HP +50
力量+3"
729,魚人矛槍兵,Lv 221 - 240,"最大HP +50
魔力+3"
740,樸素的小花蛇,Lv 221 - 240,防禦力+50
741,瘋狂石像怪,Lv 221 - 240,水抵抗力+20
742,冷血的棕樹伯伯,Lv 221 - 240,力量+15
743,螞蟻將軍,Lv 221 - 240,魔力+15
744,彩虹蝴蝶仙子,Lv 221 - 240,"體力 +8
幸運+12"
747,科魯戈突擊隊,Lv 221 - 240,力量+12
650,小鬼法師,Lv 241 - 260,物理/魔法背後攻擊傷害 +1%
651,青色沼澤部族劍鬥士,Lv 241 - 260,"所有能力值 +5
物理/魔法最小傷害 +1%"
652,女妖暗殺者,Lv 241 - 260,"物理/魔法爆擊傷害 +1%
物理/魔法最小傷害 +1%"
653,蝴蝶騎士咒術師,Lv 241 - 260,"移動速度+1%
繩索移動速度+10%
梯子移動速度+10%"
654,蝴蝶騎士追捕者,Lv 241 - 260,"移動速度+2%
所有能力值 +2"
655,精英羊獸人劍士,Lv 241 - 260,"最大攻擊力+2
最小攻擊力+2
屬性力+2"
656,黑夜黯影者,Lv 241 - 260,"魔法回避率+1%
物理回避率+1%"
657,電弧黯影者,Lv 241 - 260,"物理回避率+1%
魔法回避率+1%"
658,灼之黯影者,Lv 241 - 260,"物理/魔法傷害 +10
水抵抗力+20
所有能力值 +2"
659,夢魔高級暗殺者,Lv 241 - 260,"最大HP +100
所有能力值 +3"
660,夢魔高級戰士,Lv 241 - 260,"最大HP +100
所有能力值 +3"
661,夢魔高級法師,Lv 241 - 260,"物理/魔法傷害 +10
水抵抗力+20
所有能力值 +2"
663,巴布梅特,Lv 241 - 260,"物理/魔法爆擊傷害 +4%
所有能力值 +50"
706,寒氣吉尼,Lv 241 - 260,水抵抗力+20
707,朔風吉尼,Lv 241 - 260,物理/魔法傷害 +15
708,沙漠狐狸族鬥士,Lv 241 - 260,"體力 +20
幸運+20"
709,仇恨沙塵精靈,Lv 241 - 260,暈眩抗力 +15.0%
710,凱因族降靈術師,Lv 241 - 260,混亂抗力 +15.0%
711,凱因族法師,Lv 241 - 260,"暈眩抗力 +10.0%
混亂抗力 +10.0%"
713,夕陽舞姬,Lv 241 - 260,"力量+15
魔力+15"
714,沙漠狐狸族術士,Lv 241 - 260,"力量+15
魔力+15"
715,幻影舞姬,Lv 241 - 260,"水抵抗力+12
所有能力值 +2"
716,破壞沙塵精靈,Lv 241 - 260,"力量+15
魔力+15"
717,墨斯王國遊俠,Lv 241 - 260,物理/魔法傷害 +16
718,墨斯王國魔彈士,Lv 241 - 260,物理/魔法傷害 +16
719,墨斯王國狙擊手,Lv 241 - 260,物理/魔法傷害 +16
720,謹慎的火神戰士,Lv 241 - 260,"防禦力+12
所有能力值 +2"
721,敏捷的火神戰士,Lv 241 - 260,最大HP +250
722,凱因族降靈鬥士,Lv 241 - 260,最大HP +250
730,冷漠的娜迦,Lv 241 - 260,"力量+10
魔力+10"
731,慎重的娜迦,Lv 241 - 260,"力量+10
魔力+10"
732,藍龍龜,Lv 241 - 260,"水抵抗力+12
所有能力值 +2"
733,卑劣的挖掘團員,Lv 241 - 260,"力量+10
魔力+10"
734,殘忍的挖掘團員,Lv 241 - 260,物理/魔法傷害 +16
735,凶暴的挖掘團員,Lv 241 - 260,一般怪物追加傷害 +15
736,褐色爆擊團狙擊手,Lv 241 - 260,一般怪物追加傷害 +15
737,褐色爆擊團暗殺者,Lv 241 - 260,BOSS怪物追加傷害 +15
738,褐色爆擊團加農砲射手,Lv 241 - 260,BOSS怪物追加傷害 +15
739,魚人將軍,Lv 241 - 260,"力量+10
魔力+10"
748,角勒加刺客,Lv 241 - 260,魔力+12
749,雪山鹿拉,Lv 241 - 260,體力 +12
750,野生鷹熊,Lv 241 - 260,幸運+12
751,破壞者埃丁,Lv 241 - 260,"最小/最大攻擊力 +1
屬性力+1"
752,科魯戈火力隊,Lv 241 - 260,物理/魔法傷害 +16
753,角勒加拳鬥士,Lv 241 - 260,一般怪物追加傷害 +15
754,惡夢帕朮竺,Lv 241 - 260,一般怪物追加傷害 +15
755,綠林鹿拉,Lv 241 - 260,BOSS怪物追加傷害 +15
756,鷹熊正規軍,Lv 241 - 260,BOSS怪物追加傷害 +15
757,狂暴埃丁,Lv 241 - 260,"力量+10
魔力+10"
758,混亂飛兒洛,Lv 241 - 260,"最大HP +20
力量+3
魔力+3"
760,科魯戈指揮官,Lv 241 - 260,所有能力值 +4
761,角勒加狂鬥士,Lv 241 - 260,所有能力值 +4
762,絕毒帕朮竺,Lv 241 - 260,所有能力值 +4
763,鬼剎帕朮竺,Lv 241 - 260,所有能力值 +4
764,原野鹿拉,Lv 241 - 260,所有能力值 +4
765,鷹熊精銳軍,Lv 241 - 260,"最大HP +110
所有能力值 +2"
766,卑劣埃丁,Lv 241 - 260,"最大HP +110
所有能力值 +2"
767,助手飛兒洛,Lv 241 - 260,"移動速度+2%
所有能力值 +2"
768,寒氣飛兒洛,Lv 241 - 260,"移動速度+2%
所有能力值 +2"
769,彼姆,Lv 241 - 260,"物理/魔法爆擊傷害 +3%
所有能力值 +3"
771,和平的象徵皮恩,Lv 241 - 260,力量+12
772,獨特鈕扣兔逗比,Lv 241 - 260,魔力+12
773,紅心海賊團航海士,Lv 241 - 260,體力 +12
774,妖精熊哈尼普,Lv 241 - 260,幸運+12
775,漢堡快餐,Lv 241 - 260,"力量+10
魔力+10"
776,騎士戳戳,Lv 241 - 260,"力量+10
魔力+10"
777,啟示者摩斯特拉達姆士,Lv 241 - 260,"體力 +10
幸運+10"
778,光之騎士奉春植,Lv 241 - 260,"體力 +10
幸運+10"
779,節奏樂團,Lv 241 - 260,所有能力值 +3
780,紅心海賊團狙擊手,Lv 241 - 260,"最大HP +110
所有能力值 +1"
781,妖精熊史特隆,Lv 241 - 260,所有能力值 +3
785,友情的象徵皮爾,Lv 241 - 260,所有能力值 +3
786,愛情的象徵皮妮,Lv 241 - 260,"最小/最大攻擊力 +1
屬性力+1"
787,獨特鈕扣兔波比,Lv 241 - 260,所有能力值 +3
788,獨特鈕扣兔哈比,Lv 241 - 260,"力量+10
魔力+10"
789,紅心海賊團戰鬥員,Lv 241 - 260,"最大HP +110
所有能力值 +1"
790,妖精熊羅爾利,Lv 241 - 260,所有能力值 +3
791,憂鬱的雪花球,Lv 241 - 260,所有能力值 +3
792,冷漠的雪花球,Lv 241 - 260,"最大HP +110
所有能力值 +1"
793,淘氣的雪花球,Lv 241 - 260,"體力 +10
幸運+10"
794,小銀河寇堤,Lv 241 - 260,所有能力值 +3
795,小銀河思堤,Lv 241 - 260,"最小/最大攻擊力 +1
屬性力+1"
796,小銀河布堤,Lv 241 - 260,所有能力值 +3
799,第一爵作,Lv 241 - 260,"最大HP +110
所有能力值 +1"
800,第三爵作,Lv 241 - 260,所有能力值 +3
801,第二爵作,Lv 241 - 260,"最小/最大攻擊力 +1
屬性力+1"
802,綠色塗鴉蟲,Lv 241 - 260,所有能力值 +3
803,紫色塗鴉蟲,Lv 241 - 260,"最小/最大攻擊力 +1
屬性力+1"
804,粉色塗鴉蟲,Lv 241 - 260,所有能力值 +3
805,秘密森林召喚術士,Lv 241 - 260,力量+12
806,吶喊的亡靈面容,Lv 241 - 260,魔力+12
807,火焰地獄雙頭怪,Lv 241 - 260,體力 +12
808,貴族槍龍隊,Lv 241 - 260,幸運+12
809,發狂的亡靈面容,Lv 241 - 260,一般怪物追加傷害 +15
810,寒冰地獄雙頭怪,Lv 241 - 260,"最大HP +50
力量+3"
811,貴族劍龍隊,Lv 241 - 260,"最小/最大攻擊力 +1
屬性力+1"
812,貴族神秘會,Lv 241 - 260,一般怪物追加傷害 +15
813,秘密森林戰士,Lv 241 - 260,"最小/最大攻擊力 +1
屬性力+1"
814,秘密森林幻影術士,Lv 241 - 260,一般怪物追加傷害 +15
815,雅典暗殺者,Lv 241 - 260,"最小/最大攻擊力 +1
屬性力+1"
816,雅典幻影術士,Lv 241 - 260,"最大HP +50
力量+3"
817,處刑的電光死神,Lv 241 - 260,"力量+10
魔力+10"
818,魅惑的電光死神,Lv 241 - 260,"力量+10
魔力+10"
819,詛咒的電光死神,Lv 241 - 260,"力量+10
魔力+10"
820,死戰騎士打擊者,Lv 241 - 260,"最大HP +110
所有能力值 +2"
821,死戰騎士射擊者,Lv 241 - 260,"最大HP +110
所有能力值 +2"
822,死戰騎士處決者,Lv 241 - 260,"最大HP +110
所有能力值 +2"
823,刺目的亡靈面容,Lv 241 - 260,所有能力值 +3
824,劇毒地獄雙頭怪,Lv 241 - 260,所有能力值 +3
825,雅典女戰士,Lv 241 - 260,"最小/最大攻擊力 +2
屬性力+2"
829,寄居蟹戰士,Lv 241 - 260,力量+12
830,魟魚護衛兵,Lv 241 - 260,魔力+12
831,珊瑚軍螯蝦士兵,Lv 241 - 260,體力 +12
832,鋸鯊手套珊瑚龍,Lv 241 - 260,幸運+12
833,水滴寄居蟹,Lv 241 - 260,"力量+10
魔力+10"
834,藍海馬狂騎士,Lv 241 - 260,"體力 +10
幸運+10"
835,綠海馬騎兵,Lv 241 - 260,所有能力值 +3
836,魟魚劍兵,Lv 241 - 260,"最大HP +110
所有能力值 +1"
837,珊瑚軍螯蝦副士官,Lv 241 - 260,一般怪物追加傷害 +15
839,小豚鯨,Lv 241 - 260,"防禦力+50
水抵抗力+50"
840,海洋氣球,Lv 241 - 260,一般怪物追加傷害 +15
841,賽莉安,Lv 241 - 260,"防禦力+50
水抵抗力+50"
842,寄居蟹,Lv 241 - 260,"體力 +10
幸運+10"
843,紅海馬槍鬥士,Lv 241 - 260,一般怪物追加傷害 +15
844,魟魚突擊兵,Lv 241 - 260,"力量+10
魔力+10"
845,珊瑚軍螯蝦軍官,Lv 241 - 260,所有能力值 +3
846,海螺殼珊瑚龍,Lv 241 - 260,所有能力值 +3
847,海星珊瑚龍,Lv 241 - 260,所有能力值 +3
849,珊瑚怪獸,Lv 241 - 260,一般怪物追加傷害 +15
850,珊瑚守護者,Lv 241 - 260,"防禦力+50
水抵抗力+50"
852,破壞的火精靈,Lv 241 - 260,力量+12
853,墮落的水精靈,Lv 241 - 260,魔力+12
854,墮落的黑暗,Lv 241 - 260,體力 +12
855,邪惡的侍從,Lv 241 - 260,幸運+12
856,墮落的風精靈,Lv 241 - 260,所有能力值 +3
857,捕食的火精靈,Lv 241 - 260,一般怪物追加傷害 +15
858,墮落的火精靈,Lv 241 - 260,"力量+10
魔力+10"
859,猖狂的水精靈,Lv 241 - 260,所有能力值 +4
860,較量的侍從,Lv 241 - 260,"最小/最大攻擊力 +2
屬性力+2"
861,破壞的侍從,Lv 241 - 260,"最大HP +50
所有能力值 +2"
862,吶喊的草木精靈,Lv 241 - 260,物理/魔法傷害 +20
863,墮落的地精靈,Lv 241 - 260,力量+20
865,暴走的黑暗,Lv 241 - 260,魔力+20
866,蠶食的黑暗,Lv 241 - 260,"最大HP +110
所有能力值 +2"
867,混亂的水精靈,Lv 241 - 260,"最小/最大攻擊力 +2
屬性力+2"
868,墮落的草木精靈,Lv 241 - 260,水抵抗力+20
869,自私的草木精靈,Lv 241 - 260,體力 +20
870,破壞的地精靈,Lv 241 - 260,體力 +20
871,龜裂的地精靈,Lv 241 - 260,水抵抗力+20
872,發狂的風精靈,Lv 241 - 260,所有能力值 +3
873,暴走的風精靈,Lv 241 - 260,所有能力值 +3
876,恐怖女祭司,Lv 241 - 260,魔力+13
877,沙暴鬥士,Lv 241 - 260,幸運+13
878,拉的護衛兵,Lv 241 - 260,力量+13
879,沙漠浩劫格里芬,Lv 241 - 260,體力 +13
880,混沌女祭司,Lv 241 - 260,一般怪物追加傷害 +10
881,沙暴弓箭手,Lv 241 - 260,"力量+8
魔力+8"
882,拉的突擊兵,Lv 241 - 260,所有能力值 +5
883,城堡浩劫格里芬,Lv 241 - 260,"最大HP +25
所有能力值 +2"
884,黃金浩劫格里芬,Lv 241 - 260,"最大HP +25
所有能力值 +2"
885,怪力的觭角怪蟲,Lv 241 - 260,BOSS怪物追加傷害 +15
886,沙漠聖靈獸,Lv 241 - 260,物理/魔法傷害 +10
888,破壞女祭司,Lv 241 - 260,水抵抗力+20
889,沙暴暗殺者,Lv 241 - 260,體力 +20
890,拉的警備兵,Lv 241 - 260,"力量+10
魔力+10
幸運+10"
891,鋒利的觭角怪蟲,Lv 241 - 260,BOSS怪物追加傷害 +25
892,生氣的觭角怪蟲,Lv 241 - 260,一般怪物追加傷害 +25
893,修道院聖靈獸,Lv 241 - 260,"最大HP +25
所有能力值 +3"
894,狂風聖靈獸,Lv 241 - 260,"最大HP +25
所有能力值 +3"
896,守墓者沙克斯,Lv 241 - 260,魔力+13
897,被囚禁的石像怪,Lv 241 - 260,幸運+13
898,耶比妹妹假面盜賊,Lv 241 - 260,力量+13
899,塔爾達洛斯泥人,Lv 241 - 260,體力 +13
900,紫鳶傀儡娃娃,Lv 241 - 260,力量+13
901,淘氣的煞尼克幻影,Lv 241 - 260,水抵抗力+20
902,血之守墓者沙克斯,Lv 261 - 280,體力 +20
903,被囚禁的金色石像怪,Lv 261 - 280,"力量+10
魔力+10
幸運+10"
904,影波克假面盜賊,Lv 261 - 280,BOSS怪物追加傷害 +25
905,湛藍塔爾達洛斯泥人,Lv 261 - 280,"最大HP +25
所有能力值 +3"
906,緋紅傀儡娃娃,Lv 261 - 280,一般怪物追加傷害 +10
907,詛咒的煞尼克幻影,Lv 261 - 280,所有能力值 +5
908,藍戟暗殺團員,Lv 261 - 280,所有能力值 +5
910,藍戟警備團員,Lv 261 - 280,BOSS怪物追加傷害 +25
911,絳紅塔爾達洛斯泥人,Lv 261 - 280,一般怪物追加傷害 +25
912,被囚禁的銀色石像怪,Lv 261 - 280,"最大HP +25
所有能力值 +3"
913,暴走的煞尼克幻影,Lv 261 - 280,所有能力值 +5
914,黑暗守墓者沙克斯,Lv 261 - 280,所有能力值 +5
915,哥布林假面盜賊,Lv 261 - 280,"力量+10
魔力+10"
916,黯黑傀儡娃娃,Lv 261 - 280,"最大HP +20
力量+3
魔力+3"
917,藍戟魔法團員,Lv 261 - 280,"最大HP +25
所有能力值 +3"
516,突變小章魚士兵,突變怪物,"最大HP +200
物理/魔法爆擊傷害 +1%"
517,突變機器耶比,突變怪物,"最大HP +300
物理/魔法爆擊傷害 +2%"
518,突變大眼劍,突變怪物,"最大HP +500
物理/魔法爆擊傷害 +3%"
542,突變鬼武士,突變怪物,"最大HP +1000
防禦力+100
水抵抗力+100"
596,突變靈魂收割者,突變怪物,"暈眩抗力 +10.0%
防禦力+50
水抵抗力+50"
671,突變薑餅人甜食怪,突變怪物,"最大HP +400
物理/魔法爆擊傷害 +2%"
672,突變藍寶怪,突變怪物,"最大HP +400
力量+100
魔力+100"
746,突變花蛇,突變怪物,"最大HP +400
物理/魔法爆擊傷害 +3%
BOSS怪物追加傷害 +30"
47,影波克EX,Boss怪物,"幸運+3
水抵抗力+15
屬性力+2"
91,玄武,Boss怪物,"幸運+6
水抵抗力+15
屬性力+2"
123,黑月公主,Boss怪物,"幸運+6
最大HP +50
休息恢復HP+10"
43,科學狂人,Boss怪物,"幸運+3
屬性發生機率+15%"
139,人面獅身,Boss怪物,"幸運+6
水抵抗力+20
屬性力+2"
157,強尼船長,Boss怪物,"魔力+4
力量+4
防禦力+25"
158,邪惡海妖,Boss怪物,"幸運+4
體力 +4
防禦力+50"
162,潘朵拉,Boss怪物,"幸運+6
最大HP +50
最大SP+50"
193,海龍王,Boss怪物,"魔力+9
物理減少傷害+2
魔力+20"
207,可雅,Boss怪物,"力量+9
魔法減少傷害+2
力量+20"
225,喬安潘,Boss怪物,"魔力+9
屬性發生機率+25%
幸運+20"
175,拉巴娜,Boss怪物,"力量+4
最小攻擊力+2"
200,饑渴之劍,Boss怪物,"體力 +6
最大攻擊力+2"
239,冰魔卡妙,Boss怪物,"體力 +9
水抵抗力+40
屬性力+3"
245,大癩蛤蟆,Boss怪物,"幸運+9
力量+20
魔法減少傷害+3"
251,阿修羅王,Boss怪物,"體力 +9
幸運+20
防禦力+30"
275,藍色芙尼克斯,Boss怪物,"體力 +12
最大SP+70
屬性力+3"
315,小章魚UFO,Boss怪物,"體力 +12
力量+40
屬性發生機率+35%"
325,霍爾,Boss怪物,"幸運+15
幸運+40
目標物理防禦力減少1%"
328,無形者,Boss怪物,"魔力+15
魔力+40
最大HP +80"
330,薩伊安貝斯普棋,Boss怪物,"力量+15
防禦力+100
目標魔法抵抗力減少+1%"
399,魯塞利亞,Boss怪物,"體力 +20
幸運+20
魔法爆擊傷害+1%"
366,伊普莉特,Boss怪物,"魔力+20
力量+20
魔法最大傷害+1%"
380,德古氏,Boss怪物,"體力 +20
幸運+20
物理最大傷害+1%"
400,英雄王提修斯,Boss怪物,"體力 +20
幸運+20
物理爆擊傷害+1%"
414,尼奧爾德,Boss怪物,所有能力值 +40
426,艾爾梅,Boss怪物,"所有能力值 +5
物理/魔法最大傷害 +1%"
265,受詛咒的植,Boss怪物,"幸運+12
魔力+20
物理減少傷害+3"
445,M.D,Boss怪物,所有能力值 +30
450,泰勒族的幻影,Boss怪物,物理/魔法最大傷害 +1%
451,阿卡修拉的幻影,Boss怪物,"最大HP +200
物理傷害+50
魔法傷害+50"
462,主神的幻影,Boss怪物,"最大HP +200
最大攻擊力+3
最小攻擊力+5"
471,巴里伍德,Boss怪物,"力量+20
幸運+20
魔力+20"
528,月華院主,Boss怪物,物理/魔法爆擊傷害 +3%
541,泰姆,Boss怪物,"最小/最大攻擊力 +10
屬性力+10"
549,奈潘斯,Boss怪物,"物理/魔法最小傷害 +3%
所有能力值 +40"
556,凱米努茲,Boss怪物,"物理/魔法最大傷害 +3%
所有能力值 +50"
595,歐若拉,Boss怪物,"最大HP +150
所有能力值 +50
防禦力+150"
621,傑凱,Boss怪物,"最大HP +300
所有能力值 +40
物理/魔法最小傷害 +4%"
613,奧莉安,Boss怪物,"最大HP +400
所有能力值 +50
物理/魔法最小傷害 +5%"
630,凱魯斯,Boss怪物,"最小/最大攻擊力 +10
屬性力+10"
631,米奈勒帕,Boss怪物,"物理/魔法最大傷害 +3%
所有能力值 +50"
662,普拉斯,Boss怪物,"最小/最大攻擊力 +10
屬性力+10
最大HP +200"
691,機甲虎林,Boss怪物,"最大HP +200
物理/魔法爆擊傷害 +1%
物理/魔法傷害 +20"
712,塔勒曼,Boss怪物,"物理/魔法爆擊傷害 +2%
物理/魔法傷害 +20
所有能力值 +5"
723,巴蒙,Lv 241 - 260,"物理/魔法爆擊傷害 +4%
所有能力值 +50"
724,阿瑟嵐 - 35代阿耆尼,Boss怪物,"最小/最大攻擊力 +10
屬性力+10
最大HP +200"
745,SD博士,Boss怪物,"最小/最大攻擊力 +6
屬性力+6
最大HP +200"
759,特莉妮婭,Boss怪物,"物理/魔法爆擊傷害 +2%
物理/魔法傷害 +10
所有能力值 +10"
770,沛斯嘉,Boss怪物,"最小/最大攻擊力 +10
屬性力+10"
782,奉,Boss怪物,"最小/最大攻擊力 +2
屬性力+2
所有能力值 +15"
783,春,Boss怪物,"最小/最大攻擊力 +2
屬性力+2
所有能力值 +15"
784,植,Boss怪物,"最小/最大攻擊力 +2
屬性力+2
所有能力值 +15"
797,致命卡路里,Boss怪物,"最小/最大攻擊力 +5
屬性力+5
物理/魔法傷害 +20"
798,闇黑火焰大帝黑焱龍,Boss怪物,"最小/最大攻擊力 +5
屬性力+5
物理/魔法傷害 +20"
826,比柏萊特,Boss怪物,"物理/魔法爆擊傷害 +2%
物理/魔法傷害 +10
所有能力值 +10"
827,魔皇的幻影,Boss怪物,"最小/最大攻擊力 +10
屬性力+10"
828,愛麗絲的噩夢,Lv 241 - 260,"物理/魔法爆擊傷害 +3%
所有能力值 +3"
838,巨靈克拉卡,Boss怪物,"最小/最大攻擊力 +3
屬性力+3
物理/魔法傷害 +10"
848,奧賽里諾,Boss怪物,"最小/最大攻擊力 +5
屬性力+5
物理/魔法傷害 +20"
851,巨靈克利爾,Boss怪物,"物理/魔法傷害 +100
所有能力值 +30
最大HP +300"
864,暴走的愛麗絲,Boss怪物,"一般怪物追加傷害 +100
最大HP +200"
874,冷笑的愛麗絲,Lv 241 - 260,所有能力值 +30
875,厄運,Boss怪物,"最小/最大攻擊力 +5
屬性力+5
水抵抗力+20"
887,拉厄那盾,Boss怪物,"物理/魔法爆擊傷害 +2%
所有能力值 +30"
895,摩厄圖,Boss怪物,"最小/最大攻擊力 +2
屬性力+2
物理/魔法傷害 +30"
918,易斯溫,Lv 261 - 280,"所有能力值 +15
力量+15
魔力+15"
919,瑪帕斯,Boss怪物,"最小/最大攻擊力 +5
屬性力+5
物理/魔法爆擊傷害 +1%"
909,藍大人,Boss怪物,"最小/最大攻擊力 +3
屬性力+3
最大HP +100"
920,園藝山林食人巨妖,Lv 241 - 260,魔力+13
921,布爾戰士,Lv 241 - 260,幸運+13
922,巧克力棒舒克利,Lv 241 - 260,力量+13
923,嘮叨鬼胖芙,Lv 241 - 260,體力 +13
924,飢餓山林食人巨妖,Lv 261 - 280,一般怪物追加傷害 +25
925,警備山林食人巨妖,Lv 261 - 280,一般怪物追加傷害 +25
926,布爾鬥士,Lv 261 - 280,BOSS怪物追加傷害 +25
927,布爾弓箭手,Lv 261 - 280,BOSS怪物追加傷害 +25
928,棒棒糖舒克利,Lv 261 - 280,"最大HP +25
所有能力值 +3"
929,杯子蛋糕舒克利,Lv 261 - 280,"最大HP +25
所有能力值 +3"
930,沉默鬼胖芙,Lv 261 - 280,所有能力值 +5
931,害羞鬼胖芙,Lv 261 - 280,所有能力值 +5
932,亞爾勃洛,Boss怪物,物理/魔法最大傷害 +5%
933,破滅的佩奇亞騎士,Lv 261 - 280,力量+20
934,空虛的佩奇亞騎士,Lv 261 - 280,力量+20
935,激怒的佩奇亞騎士,Lv 261 - 280,力量+20
936,紅焰佩奇亞術士,Lv 261 - 280,魔力+20
937,青焰佩奇亞術士,Lv 261 - 280,魔力+20
938,邪惡佩奇亞術士,Lv 261 - 280,魔力+20
939,青綠監視者,Lv 261 - 280,水抵抗力+10
940,赤紅監視者,Lv 261 - 280,水抵抗力+10
941,靛藍監視者,Lv 261 - 280,水抵抗力+10
942,雷頓,Boss怪物,"物理/魔法傷害 +20
所有能力值 +40"
943,聖謠花鹿,Lv 261 - 280,"最小/最大攻擊力 +5
屬性力+5
物理/魔法爆擊傷害 +1%"
944,安魂者,Boss怪物,"所有能力值 +15
力量+15
魔力+15"
945,聖禱神象,Boss怪物,"最小/最大攻擊力 +3
屬性力+3
最大HP +100"
946,飢餓克蕾舒爾,Lv 261 - 280,魔力+13
947,幻狼,Lv 261 - 280,幸運+13
948,旗幟羊努斯,Lv 261 - 280,力量+13
949,疲困德雷曼,Lv 261 - 280,體力 +13
950,氣憤克蕾舒爾,Lv 261 - 280,力量+20
951,暴走闇黑恪爾立,Lv 261 - 280,力量+20
952,鐵血幻狼,Lv 261 - 280,力量+20
953,疾風羊努斯,Lv 261 - 280,魔力+20
954,翠綠特拉托斯,Lv 261 - 280,魔力+20
955,不良德雷曼,Lv 261 - 280,魔力+20
956,執著幻獸獵人,Lv 261 - 280,所有能力值 +5
957,汙染克蕾舒爾,Lv 261 - 280,所有能力值 +5
958,狩獵闇黑恪爾立,Lv 261 - 280,物理/魔法最大傷害 +1%
959,憤怒闇黑恪爾立,Lv 261 - 280,一般怪物追加傷害 +15
960,末日幻狼,Lv 261 - 280,一般怪物追加傷害 +15
961,爆焰巨錘羊努斯,Lv 261 - 280,BOSS怪物追加傷害 +25
962,橘紅特拉托斯,Lv 261 - 280,BOSS怪物追加傷害 +25
963,青藍特拉托斯,Lv 261 - 280,最大HP +100
964,蠶食德雷曼,Lv 261 - 280,最大HP +100
965,威懾幻獸獵人,Lv 261 - 280,水抵抗力+10
966,制約幻獸獵人,Lv 261 - 280,水抵抗力+10
967,音樂學系1年級生,Lv 261 - 280,魔力+13
968,音樂學系2年級生,Lv 261 - 280,幸運+13
969,自傲的知識精靈,Lv 261 - 280,力量+13
970,1年級魔法掃帚,Lv 261 - 280,體力 +13
971,藝術的知識精靈,Lv 261 - 280,一般怪物追加傷害 +10
972,2年級魔法掃帚,Lv 261 - 280,"力量+8
魔力+8"
973,風魔法師的肖像畫,Lv 261 - 280,所有能力值 +5
974,東方騎士盔甲,Lv 261 - 280,"最大HP +25
所有能力值 +2"
975,星魔法師披風,Lv 261 - 280,"最大HP +25
所有能力值 +2"
976,澤費羅斯,Boss怪物,"最小/最大攻擊力 +3
屬性力+3
最大HP +100"
977,懶惰的知識精靈,Lv 261 - 280,力量+20
978,3年級魔法掃帚,Lv 261 - 280,力量+20
979,火魔法師的肖像畫,Lv 261 - 280,魔力+20
980,水魔法師的肖像畫,Lv 261 - 280,魔力+20
981,帝國騎士盔甲,Lv 261 - 280,所有能力值 +5
982,艾利亞斯騎士盔甲,Lv 261 - 280,所有能力值 +5
983,風魔法師披風,Lv 261 - 280,一般怪物追加傷害 +25
984,異界魔法師披風,Lv 261 - 280,BOSS怪物追加傷害 +25
985,音樂學系3年級生,Lv 261 - 280,物理/魔法最大傷害 +5%
986,克蘿莉絲,Boss怪物,"最小/最大攻擊力 +5
屬性力+5
物理/魔法爆擊傷害 +1%"
987,燕尾服薛丁格,Lv 261 - 280,體力 +13
988,墨斯王國騎士,Lv 261 - 280,力量+13
989,墨斯王國法師,Lv 261 - 280,魔力+13
990,紅色希爾帝斯維尼,Lv 261 - 280,幸運+13
991,墨斯王國首席騎士,Lv 261 - 280,力量+20
992,墨斯王國精銳騎士,Lv 261 - 280,力量+20
993,墨斯王國首席法師,Lv 261 - 280,魔力+20
994,墨斯王國精銳法師,Lv 261 - 280,魔力+20
995,金色薛丁格,Lv 261 - 280,所有能力值 +5
996,銀色薛丁格,Lv 261 - 280,所有能力值 +5
997,飛舞劍刃巴夫洛夫,Lv 261 - 280,所有能力值 +5
998,創世主巴夫洛夫,Lv 261 - 280,最大HP +100
999,魂之島巴夫洛夫,Lv 261 - 280,水抵抗力+10
1000,火焰持盾戰士,Lv 261 - 280,力量+25
1001,閃電持盾戰士,Lv 261 - 280,魔力+25
1002,旋風持盾戰士,Lv 261 - 280,幸運+25
1003,課長巴勒,Lv 261 - 280,物理/魔法最大傷害 +1%
1004,次長巴勒,Lv 261 - 280,一般怪物追加傷害 +15
1005,部長巴勒,Lv 261 - 280,BOSS怪物追加傷害 +25
1006,藍色希爾帝斯維尼,Lv 261 - 280,所有能力值 +10
1007,紫色希爾帝斯維尼,Lv 261 - 280,所有能力值 +10
1008,貝格爾米爾,Boss怪物,"最小/最大攻擊力 +5
屬性力+5
物理/魔法爆擊傷害 +1%"
1009,諾克斯王子,Boss怪物,"最小/最大攻擊力 +3
屬性力+3
最大HP +100"
1010,艾達,Lv 261 - 280,"所有能力值 +15
力量+15
魔力+15"
1011,暴走的艾勒奇亞,Lv 261 - 280,"體力 +5
水抵抗力+5"
1012,獵人麻卡伊,Lv 261 - 280,力量+13
1013,吉斯克領地阿爾揭亞,Lv 261 - 280,魔力+13
1014,搬運工波諾司,Lv 261 - 280,幸運+13
1015,墮落的艾勒奇亞,Lv 261 - 280,所有能力值 +5
1016,破壞的迪斯諾米亞,Lv 261 - 280,"力量+8
魔力+8"
1017,混沌的迪斯諾米亞,Lv 261 - 280,"幸運+8
物理/魔法命中率 +1%"
1018,妄論的迪斯諾米亞,Lv 261 - 280,"體力 +8
水抵抗力+8"
1019,黑翼利默思,Lv 261 - 280,最大HP +10
1020,報復的乎勒寇斯,Lv 261 - 280,物理/魔法傷害 +5
1021,藍翼利默思,Lv 261 - 280,力量+20
1022,紅翼利默思,Lv 261 - 280,魔力+20
1023,背叛的艾勒奇亞,Lv 261 - 280,所有能力值 +5
1024,抓捕者麻卡伊,Lv 261 - 280,體力 +20
1025,盜墓者麻卡伊,Lv 261 - 280,水抵抗力+20
1026,採礦者波諾司,Lv 261 - 280,物理/魔法命中率 +3%
1027,爆破工波諾司,Lv 261 - 280,物理/魔法貫穿力 +1%
1028,湖畔阿爾揭亞,Lv 261 - 280,一般怪物追加傷害 +15
1029,尖刺阿爾揭亞,Lv 261 - 280,一般怪物追加傷害 +15
1030,痛恨的乎勒寇斯,Lv 261 - 280,BOSS怪物追加傷害 +15
1031,忠誠的乎勒寇斯,Lv 261 - 280,BOSS怪物追加傷害 +15
1032,蛇影,Boss怪物,"物理/魔法最大傷害 +3%
物理/魔法最小傷害 +3%
最大HP +15"
1033,忘卻的雷黛,Boss怪物,"最小/最大攻擊力 +5
屬性力+5
物理/魔法爆擊傷害 +1%"
1034,呆呆魔耶比,Lv 261 - 280,魔力+10
1035,熊美男,Lv 261 - 280,幸運+10
1036,探索的追捕者,Lv 261 - 280,力量+10
1037,優雅的貴族女妖,Lv 261 - 280,體力 +10
1038,劍士萌靈,Lv 261 - 280,力量+20
1039,死神萌靈,Lv 261 - 280,力量+20
1040,決定的追捕者,Lv 261 - 280,魔力+20
1041,集中的追捕者,Lv 261 - 280,魔力+20
1042,熊美女,Lv 261 - 280,所有能力值 +5
1043,美熊王,Lv 261 - 280,所有能力值 +5
1044,莉莉絲,Boss怪物,"最小/最大攻擊力 +3
屬性力+3
最大HP +100"
1045,吸血鬼執事,Lv 261 - 280,力量+25
1046,吸血鬼醫生,Lv 261 - 280,力量+25
1047,吸血鬼工程師,Lv 261 - 280,力量+25
1048,高貴的貴族女妖,Lv 261 - 280,魔力+25
1049,高傲的貴族女妖,Lv 261 - 280,魔力+25
1050,園藝萌靈,Lv 261 - 280,物理/魔法最大傷害 +1%
1051,打掃見習鸚執事,Lv 261 - 280,所有能力值 +10
1052,料理見習鸚執事,Lv 261 - 280,所有能力值 +10
1053,厭世見習鸚執事,Lv 261 - 280,所有能力值 +10
1054,乖乖魔耶比,Lv 261 - 280,一般怪物追加傷害 +25
1055,偶像魔耶比,Lv 261 - 280,BOSS怪物追加傷害 +25
1056,亞因霍倫,Lv 261 - 280,"所有能力值 +15
力量+15
魔力+15"
1057,阿斯莫德,Boss怪物,"最小/最大攻擊力 +5
屬性力+5
物理/魔法爆擊傷害 +1%"
1058,未來葛茉芮,Lv 261 - 280,幸運+10
1059,聖華爾基莉遊俠,Lv 261 - 280,體力 +10
1060,虛無幽靈戰士,Lv 261 - 280,力量+10
1061,聖馬,Lv 261 - 280,魔力+10
1062,消隱聖馬,Lv 261 - 280,魔力+20
1063,暗影聖馬,Lv 261 - 280,魔力+20
1064,怨恨幽靈戰士,Lv 261 - 280,力量+20
1065,忘卻幽靈戰士,Lv 261 - 280,力量+20
1066,艾洛克斯鬥士,Lv 261 - 280,所有能力值 +4
1067,艾洛克斯戰士,Lv 261 - 280,所有能力值 +4
1068,紅幻龍,Lv 261 - 280,所有能力值 +4
1069,過去葛茉芮,Lv 261 - 280,魔力+25
1070,現在葛茉芮,Lv 261 - 280,魔力+25
1071,聖華爾基莉戰士,Lv 261 - 280,所有能力值 +10
1072,聖華爾基莉巫師,Lv 261 - 280,所有能力值 +10
1073,聖華爾基莉長槍手,Lv 261 - 280,所有能力值 +10
1074,痛覺幽靈戰士,Lv 261 - 280,力量+25
1075,艾洛克斯狂戰士,Lv 261 - 280,力量+25
1076,藍幻龍,Lv 261 - 280,一般怪物追加傷害 +25
1077,紫幻龍,Lv 261 - 280,BOSS怪物追加傷害 +25
1078,突變寶石耶比,突變怪物,"最大HP +50
力量+15
魔力+15"
1079,米卡艾拉,Boss怪物,"最小/最大攻擊力 +5
屬性力+5
所有能力值 +15"
1080,巴爾巴托斯,Boss怪物,"力量+15
魔力+15
物理/魔法爆擊傷害 +1%"
1081,底波拉冰獺,Lv 261 - 280,力量+10
1082,猖狂冰獺,Lv 261 - 280,魔力+10
1083,平凡雪人,Lv 261 - 280,體力 +10
1084,無名溫迪哥,Lv 261 - 280,水抵抗力+10
1085,永恆娜爾克,Lv 261 - 280,幸運+10
1086,束縛玻瑞阿斯,Lv 261 - 280,力量+20
1087,痛苦玻瑞阿斯,Lv 261 - 280,力量+20
1088,汙染玻瑞阿斯,Lv 261 - 280,魔力+20
1089,絕望娜爾克,Lv 261 - 280,魔力+20
1090,雪國布迪亞因霍倫,Lv 261 - 280,所有能力值 +5
1091,地獄火狐,Lv 261 - 280,所有能力值 +5
1092,逃脫冰獺,Lv 261 - 280,力量+25
1093,帥氣雪人,Lv 261 - 280,力量+25
1094,不良雪人,Lv 261 - 280,力量+25
1095,喪失溫迪哥,Lv 261 - 280,魔力+25
1096,妄想溫迪哥,Lv 261 - 280,魔力+25
1097,分裂溫迪哥,Lv 261 - 280,魔力+25
1098,悲傷娜爾克,Lv 261 - 280,物理/魔法最大傷害 +1%
1099,不幸娜爾克,Lv 261 - 280,物理/魔法最大傷害 +1%
1100,紅色布迪亞因霍倫,Lv 261 - 280,所有能力值 +10
1101,藍色布迪亞因霍倫,Lv 261 - 280,所有能力值 +10
1102,紅火狐,Lv 261 - 280,一般怪物追加傷害 +25
1103,藍火狐,Lv 261 - 280,BOSS怪物追加傷害 +25
1104,阿爾戈斯,Boss怪物,"最小/最大攻擊力 +3
屬性力+3
最大HP +100"
1105,艾可,Boss怪物,"力量+15
魔力+15
物理/魔法爆擊傷害 +1%"
1106,莉莉歐佩,Lv 261 - 280,"所有能力值 +15
力量+15
魔力+15"
1107,肚子餓的拉歐貓,Lv 261 - 280,力量+10
1108,生命荷姆,Lv 261 - 280,魔力+10
1109,納坤盜賊,Lv 261 - 280,體力 +10
1110,阿奎拉鬥士,Lv 261 - 280,水抵抗力+10
1111,發呆的拉歐貓,Lv 261 - 280,力量+20
1112,喜悅的克諾索斯泥人,Lv 261 - 280,力量+20
1113,激怒的克諾索斯泥人,Lv 261 - 280,魔力+20
1114,無知的克諾索斯泥人,Lv 261 - 280,所有能力值 +5
1115,魔力荷姆,Lv 261 - 280,魔力+20
1116,納坤槍兵,Lv 261 - 280,所有能力值 +5
1117,帕西淮,Boss怪物,"最小/最大攻擊力 +3
屬性力+3
最大HP +100"
1118,做夢的拉歐貓,Lv 261 - 280,力量+10
1119,阿奎拉戰士,Lv 261 - 280,力量+10
1120,阿奎拉冠軍,Lv 261 - 280,力量+10
1121,風之魔法松鼠,Lv 261 - 280,魔力+10
1122,雪之魔法松鼠,Lv 261 - 280,魔力+10
1123,閃電魔法松鼠,Lv 261 - 280,魔力+10
1124,埃利克西爾荷姆,Lv 261 - 280,所有能力值 +5
1125,納坤遊俠,Lv 261 - 280,所有能力值 +5
1126,納坤追擊者,Lv 261 - 280,所有能力值 +5
1127,米諾斯,Boss怪物,"最小/最大攻擊力 +3
屬性力+3
物理/魔法爆擊傷害 +1%"
1128,不知不覺暴躁耶比,Lv 261 - 280,力量+10
1129,蘋果塔莉爾,Lv 261 - 280,魔力+10
1130,綠喙夏拉普,Lv 261 - 280,體力 +10
1131,破壞的加亞格破壞者,Lv 261 - 280,"力量+5
魔力+5"
1132,這麼一看暴躁耶比,Lv 261 - 280,最大HP +100
1133,祝福的內希莫德,Lv 261 - 280,水抵抗力+10
1134,約定的內希莫德,Lv 261 - 280,所有能力值 +5
1135,願望的內希莫德,Lv 261 - 280,"力量+5
魔力+5"
1136,藍莓塔莉爾,Lv 261 - 280,一般怪物追加傷害 +25
1137,香蕉塔莉爾,Lv 261 - 280,BOSS怪物追加傷害 +25
1138,銀喙夏拉普,Lv 261 - 280,"力量+5
魔力+5"
1139,妨礙的加亞格破壞者,Lv 261 - 280,所有能力值 +5
1140,裴洛許,Boss怪物,"最小/最大攻擊力 +5
屬性力+5
物理/魔法爆擊傷害 +1%"
1141,活著活著暴躁耶比,Lv 261 - 280,最大HP +100
1142,既然如此暴躁耶比,Lv 261 - 280,水抵抗力+10
1143,燃燒古拉卡布,Lv 261 - 280,所有能力值 +5
1144,壓抑古拉卡布,Lv 261 - 280,"力量+5
魔力+5"
1145,誘惑古拉卡布,Lv 261 - 280,所有能力值 +5
1146,開心吉里溫,Lv 261 - 280,最大HP +100
1147,愉快吉里溫,Lv 261 - 280,水抵抗力+10
1148,幸福吉里溫,Lv 261 - 280,"力量+5
魔力+5"
1149,正義薩麥爾,Lv 261 - 280,所有能力值 +5
1150,真實薩麥爾,Lv 261 - 280,"力量+5
魔力+5"
1151,可靠薩麥爾,Lv 261 - 280,所有能力值 +5
1152,紅喙夏拉普,Lv 261 - 280,一般怪物追加傷害 +25
1153,蠶食的加亞格破壞者,Lv 261 - 280,BOSS怪物追加傷害 +25
1154,麻木的加亞格破壞者,Lv 261 - 280,所有能力值 +5
1155,塔米爾,Lv 261 - 280,"所有能力值 +15
力量+15
魔力+15"
1156,罪人拜斯,Boss怪物,"最小/最大攻擊力 +5
屬性力+5
物理/魔法爆擊傷害 +1%"
