ID,_Name,_PositionIndex,_Description,_Type,_ImageFile,_Range_Width,_Range_height,_Input1_Left,_Input1_Top,_Input1_Right,_Input1_Bottom,_FX1,_Text,_Array,_Margine,_Vmargine,_StatusType1,_StatusValue1,_StatusType2,_StatusValue2,_StatusType3,_StatusValue3,_StatusType4,_StatusValue4,_EffectID1,_EffectDescription1,_EffectID2,_EffectDescription2,_EffectID3,_EffectDescription3,_EffectID4,_EffectDescription4,_Red,_Green,_Blue
1,不使用稱號,99999,不使用稱號。,1,,145,16,0,0,0,0,0,1,5,2,1,0,0,0,0,0,0,0,0,0,,0,,0,,0,,255,255,183
18,超級瑪琍大師,571,你真的是人類嗎？！,1,,145,16,0,0,0,0,22187,0,5,2,1,14,10,26,10,22,10,18,10,0,,0,,0,,0,,254,68,31
19,連小矮人都自嘆不如的人,149,"不管是礦山的哪裡,都沒有我不知道的地方。",1,,145,16,0,0,0,0,0,1,5,2,1,18,3,22,3,0,0,0,0,0,,0,,0,,0,,255,255,183
21,鐵鍬達人,551,講到鐵鍬非我莫屬。,1,,145,16,0,0,0,0,0,1,5,2,1,18,3,22,3,0,0,0,0,0,,0,,0,,0,,255,255,183
22,大王殺手,115,把名字裡面有王的通通都打倒。,1,,145,16,0,0,0,0,0,1,5,2,1,18,3,22,3,0,0,0,0,0,,0,,0,,0,,255,255,183
101,不是新手的冒險家,252,不是菜鳥的冒險家。…只有這種程度真是可憐。,1,,145,16,0,0,0,0,0,1,5,2,1,30,5,0,0,0,0,0,0,0,,0,,0,,0,,255,255,183
102,冒險家,181,現在是偉大的一人冒險家! 朝著冒險 Go!,1,,145,16,0,0,0,0,0,1,5,2,1,30,5,34,5,0,0,0,0,0,,0,,0,,0,,255,255,183
103,戰勝冬天的支配者,450,賦予戰勝冬天的支配者的人的稱號。,1,,145,16,0,0,0,0,0,1,5,2,1,106,30,118,50,258,40,0,0,0,,0,,0,,0,,0,255,255
104,山嶽地帶征服者,268,賦予征服山嶽地帶的英雄的稱號。,1,,145,16,0,0,0,0,0,1,5,2,1,106,5,118,40,114,40,0,0,0,,0,,0,,0,,255,255,183
105,新手冒險家,308,\n給予在彩虹島物語中邁出第一步的稱號。,1,,145,16,0,0,0,0,0,1,5,2,1,30,100,34,100,496,20,0,0,0,,0,,0,,0,,255,255,183
201,大王真弱,117,給抓住大王哥布林的冒險家的稱號。,1,,145,16,0,0,0,0,0,1,5,2,1,14,4,0,0,0,0,0,0,0,,0,,0,,0,,255,255,183
202,蝙蝠獵人,619,給稱霸貝羅斯地下城的獵人的稱號。,1,,145,16,0,0,0,0,0,1,5,2,1,156,16,0,0,0,0,0,0,0,,0,,0,,0,,255,255,183
210,大王殺手,116,給抓住大王哥布林的冒險家(攻擊型)的稱號。,1,,145,16,0,0,0,0,0,1,5,2,1,14,7,90,2,22,4294967293,0,0,0,,0,,0,,0,,255,255,183
301,連魔王也抓住了,148,給抓住艾利亞斯地下城的魔王哥布林的人的稱號。,1,,145,16,0,0,0,0,0,1,5,2,1,14,3,18,3,0,0,0,0,0,,0,,0,,0,,255,255,183
303,心地善良的人,315,在艾利亞斯稱呼愉快幫助他人的冒險家的名稱。,1,,145,16,0,0,0,0,0,1,5,2,1,128,30,0,0,0,0,0,0,0,,0,,0,,0,,255,255,183
310,爽快的法師,272,給抓住艾利亞斯地下城的魔王哥布林的人(魔法型)的稱號。,1,,145,16,0,0,0,0,0,1,5,2,1,22,8,35,2,14,4294967292,0,0,0,,0,,0,,0,,255,255,183
401,義俠,424,很有義氣的俠士。 受到龍京市民的尊敬。,1,,145,16,0,0,0,0,0,1,5,2,1,26,6,0,0,0,0,0,0,0,,0,,0,,0,,255,255,183
403,初戰搏殺,585,給輕易就成功獵殺老虎BOSS的人的帥氣稱號。,1,,145,16,0,0,0,0,0,1,5,2,1,66,2,62,2,0,0,0,0,0,,0,,0,,0,,255,255,183
410,鐵壁虎王,550,稱呼替龍京市民獵殺白虎和黑虎的英雄(防禦型)的稱號。,1,,145,16,0,0,0,0,0,1,5,2,1,26,8,31,5,18,4294967294,0,0,0,,0,,0,,0,,255,255,183
501,達人,108,再也不害怕黑月城忍者的境地。,1,,145,16,0,0,0,0,0,1,5,2,1,14,2,26,2,22,2,18,2,0,,0,,0,,0,,255,255,183
502,鬼武士算什麼,63,給打倒黑月城鬼武士的人的稱號。,1,,145,16,0,0,0,0,0,1,5,2,1,31,4,35,4,0,0,0,0,0,,0,,0,,0,,255,255,183
503,時尚領導人,299,奧亦奇的時尚領導人! Yeah!,1,,145,16,0,0,0,0,0,1,5,2,1,18,3,22,3,0,0,0,0,0,,0,,0,,0,,255,255,183
510,忍者大師,428,超越黑月城忍者們的冒險家(探索型)。,1,,145,16,0,0,0,0,0,1,5,2,1,18,10,106,3,26,4294967291,0,0,0,,0,,0,,0,,255,255,183
601,不屈服的冒險家,248,就算一再倒下也會一直站起來!不屈服的意志力爆發!(防禦力上升),1,,145,16,0,0,0,0,0,1,5,2,1,217,5,0,0,0,0,0,0,0,,0,,0,,0,,255,255,183
602,貝希摩斯冒險家,617,從巨大的怪物貝希摩斯的肚子活著回來的冒險家。,1,,145,16,0,0,0,0,0,1,5,2,1,192,10,196,10,0,0,0,0,0,,0,,0,,0,,255,255,183
603,妖怪擊退者,399,解決帶給人們麻煩的怪物!,1,,145,16,0,0,0,0,0,1,5,2,1,55,15,59,15,0,0,0,0,0,,0,,0,,0,,255,255,183
604,跳躍高手,125,"Jump, Jump!",1,,145,16,0,0,0,0,0,1,5,2,1,14,10,0,0,0,0,0,0,0,,0,,0,,0,,255,255,183
605,繩索舞者,292,以熟練的攀爬繩索技術綻放光芒。,1,,145,16,0,0,0,0,0,1,5,2,1,114,50,118,50,106,5,0,0,0,,0,,0,,0,,255,255,183
606,強壯的冒險家,12,鐵壁防禦!,1,,145,16,0,0,0,0,0,1,5,2,1,217,7,0,0,0,0,0,0,0,,0,,0,,0,,255,255,183
607,高級玩家,41,熟練多種技能的冒險家。,1,,145,16,0,0,0,0,0,1,5,2,1,94,3,102,3,106,3,0,0,0,,0,,0,,0,,255,255,183
608,收集大師,290,2008? 1? 1???? ?? ??!,1,,145,16,0,0,0,0,0,1,5,2,1,0,0,0,0,0,0,0,0,0,,0,,0,,0,,255,255,183
609,爬到頂端∼勝利者∼,608,爬呀爬大樹的霸主。,1,,145,16,0,0,0,0,0,1,5,2,1,30,150,34,75,0,0,0,0,0,,0,,0,,0,,255,255,183
610,夜晚貓頭鷹,370,調查完貓頭鷹城人們不可告人的陰謀。,1,,145,16,0,0,0,0,0,1,5,2,1,106,13,0,0,0,0,0,0,0,,0,,0,,0,,255,255,183
611,荒野冒險家,671,給經歷彭哥列列車冒險的人的稱號。,1,,145,16,0,0,0,0,0,1,5,2,1,94,5,184,4294967291,0,0,0,0,0,,0,,0,,0,,255,255,183
612,猜謎天王,297,哇∼居然可以獲得這個稱號！！\n你是真正的猜謎天王>?<！！,1,,145,16,0,0,0,0,22180,0,5,2,1,176,3,180,3,184,3,188,3,0,,0,,0,,0,,63,191,255
613,猜謎天后,298,哇∼居然可以獲得這個稱號！！\n你是真正的猜謎天后>?<！！,1,,145,16,0,0,0,0,22181,0,5,2,1,176,3,180,3,184,3,188,3,0,,0,,0,,0,,63,191,255
614,德尼歐的弟子,121,正在修行的德尼歐弟子的名稱。,1,,145,16,0,0,0,0,0,1,5,2,1,411,10,0,0,0,0,0,0,0,,0,,0,,0,,0,0,0
615,悟道者,382,專為博學多聞的你而設的稱號!,1,,145,16,0,0,0,0,0,1,5,2,1,106,15,118,60,114,60,0,0,0,,0,,0,,0,,63,191,255
701,浪人劍客,144,這無止盡的冒險路途何時會結束呢…。(移動速度向上),1,,145,16,0,0,0,0,0,1,5,2,1,106,10,0,0,0,0,0,0,0,,0,,0,,0,,255,255,183
702,冬之強者,137,聖誕活動稱號,1,,145,16,0,0,0,0,0,1,5,2,1,0,0,0,0,0,0,0,0,0,,0,,0,,0,,255,255,183
703,戰勝寒冷吧,453,聖誕活動稱號,1,,145,16,0,0,0,0,0,1,5,2,1,0,0,0,0,0,0,0,0,0,,0,,0,,0,,255,255,183
704,手腳冰冷,288,聖誕活動稱號,1,,145,16,0,0,0,0,0,1,5,2,1,0,0,0,0,0,0,0,0,0,,0,,0,,0,,255,255,183
705,世界第一等,282,100分的人生! 我很棒吧!!,1,,145,16,0,0,0,0,0,1,5,2,1,0,0,0,0,0,0,0,0,0,,0,,0,,0,,255,255,183
706,老二哲學,159,不是100分也不是鴨蛋!!,1,,145,16,0,0,0,0,0,1,5,2,1,0,0,0,0,0,0,0,0,0,,0,,0,,0,,255,255,183
707,零鴨蛋,151,得到零分我好受傷 T.T,1,,145,16,0,0,0,0,0,1,5,2,1,0,0,0,0,0,0,0,0,0,,0,,0,,0,,255,255,183
708,百戰百勝,213,給予在福不福運動會中獲勝隊伍的榮譽稱號!!,1,,145,16,0,0,0,0,0,1,5,2,1,0,0,0,0,0,0,0,0,0,,0,,0,,0,,255,255,183
709,寶石遠征隊,242,出發! 寶石遠征隊~~,1,,145,16,0,0,0,0,0,1,5,2,1,0,0,0,0,0,0,0,0,0,,0,,0,,0,,255,255,183
710,寶石的傳令,243,這是為幫忙的人準備的稱號~,1,,145,16,0,0,0,0,0,1,5,2,1,0,0,0,0,0,0,0,0,0,,0,,0,,0,,255,255,183
711,菌絲破壞者,64,所有蘑菇們的支配者。,1,,145,16,0,0,0,0,0,1,5,2,1,106,7,192,5,0,0,0,0,0,,0,,0,,0,,255,255,183
712,???????,833,,1,,145,16,0,0,0,0,0,1,5,2,1,106,10,23,3,0,0,0,0,0,,0,,0,,0,,255,255,183
713,鴉天狗,351,,1,,145,16,0,0,0,0,0,1,5,2,1,106,12,118,10,0,0,0,0,0,,0,,0,,0,,255,255,183
714,守護聖誕老人,291,聖誕活動紀念稱號,1,,145,16,0,0,0,0,0,1,5,2,1,0,0,0,0,0,0,0,0,0,,0,,0,,0,,255,255,183
715,我來守護聖誕老人,322,聖誕活動紀念稱號,1,,145,16,0,0,0,0,0,1,5,2,1,0,0,0,0,0,0,0,0,0,,0,,0,,0,,255,255,183
716,慈善家,433,我就是~ 捐贈之王! 最棒的彩虹島慈善家!,1,,145,16,0,0,0,0,0,1,5,2,1,0,0,0,0,0,0,0,0,0,,0,,0,,0,,255,255,183
717,年糕湯之王,94,你們懂年糕湯的味道嗎!!賦予懂得真正了解年糕湯味道的人的稱號,1,,145,16,0,0,0,0,0,1,5,2,1,0,0,0,0,0,0,0,0,0,,0,,0,,0,,255,255,183
718,謝絕作業,266,情人節活動稱號,1,,145,16,0,0,0,0,0,1,5,2,1,0,0,0,0,0,0,0,0,0,,0,,0,,0,,255,255,183
719,戀愛博士,150,情人節活動稱號,1,,145,16,0,0,0,0,0,1,5,2,1,0,0,0,0,0,0,0,0,0,,0,,0,,0,,255,255,183
720,你最珍貴,102,情人節互訴愛戀，將最珍貴的他永存心底。,1,,145,16,0,0,0,0,0,1,5,2,1,0,0,0,0,0,0,0,0,0,,0,,0,,0,,255,255,183
721,花樣爺爺,663,情人節活動稱號,1,,145,16,0,0,0,0,0,1,5,2,1,0,0,0,0,0,0,0,0,0,,0,,0,,0,,255,255,183
722,時空旅行者,295,給時空旅行者的帥氣稱號。,1,,145,16,0,0,0,0,0,1,5,2,1,18,10,106,3,184,1,188,1,0,,0,,0,,0,,255,255,183
723,奉春植馬戲團團員,247,奉春植活動稱號,1,,145,16,0,0,0,0,0,1,5,2,1,106,8,118,60,114,60,0,0,0,,0,,0,,0,,255,255,183
724,接受介紹大師,454,給被介紹來玩彩虹島的玩家稱號。,1,,145,16,0,0,0,0,0,1,5,2,1,140,15,240,15,106,10,0,0,0,,0,,0,,0,,255,255,183
725,介紹大師,14,給介紹朋友來玩彩虹島的玩家稱號。,1,,145,16,0,0,0,0,0,1,5,2,1,140,15,240,15,106,10,0,0,0,,0,,0,,0,,255,255,183
726,好人緣,654,和超過3位朋友一起玩彩虹島的人。,1,,145,16,0,0,0,0,0,1,5,2,1,0,0,0,0,0,0,0,0,0,,0,,0,,0,,255,255,183
727,Game Sage,758,You can take Game Sage Title by This Guide Book.,1,,145,16,0,0,0,0,0,1,5,2,1,0,0,0,0,0,0,0,0,0,,0,,0,,0,,255,255,183
728,真．菌絲破壞者,505,所有蘑菇真正的支配者。,1,,145,16,0,0,0,0,0,1,5,2,1,106,10,192,7,196,7,0,0,0,,0,,0,,0,,255,255,183
729,超音速菌絲,582,以音速奔跑的菌絲。,1,,145,16,0,0,0,0,0,1,5,2,1,114,10,118,10,0,0,0,0,0,,0,,0,,0,,255,255,183
730,萬聖節慶典參加者,169,給予參加萬聖節活動者的稱號。,1,,145,16,0,0,0,0,0,1,5,2,1,0,0,0,0,0,0,0,0,15003861,幽靈效果: 被攻擊時以一定機率增加移動速度20%,0,,0,,0,,255,255,183
731,我心胸寬大,347,為了心胸寬大的人而準備的活動稱號。,1,,145,16,0,0,0,0,0,1,5,2,1,0,0,0,0,0,0,0,0,0,,0,,0,,0,,255,255,183
732,傾城美女,35,彩虹島美女選拔賽優勝者的證明。,1,,145,16,0,0,0,0,0,1,5,2,1,30,200,34,200,0,0,0,0,0,,0,,0,,0,,255,255,183
733,新手暢快戰士,309,現在剛加入的暢快戰士隊員。,1,,145,16,0,0,0,0,0,1,5,2,1,14,1,26,1,22,1,18,1,0,,0,,0,,0,,255,255,183
734,紅惡魔,660,Miss ??' ???? ?? ?? '???' ?????. \n? 2010? 7? 21??? ??? ?? ???.,1,,145,16,0,0,0,0,0,1,5,2,1,0,0,0,0,0,0,0,0,0,,0,,0,,0,,255,0,0
735,紅惡魔,661,Miss ??' ???? ?? ?? '???' ?????.,1,,145,16,0,0,0,0,0,1,5,2,1,176,3,180,3,158,3,164,3,0,,0,,0,,0,,255,0,0
736,檀君的後裔,105,賦予檀君後裔們的稱號,1,,145,16,0,0,0,0,0,1,5,2,1,0,0,0,0,0,0,0,0,0,,0,,0,,0,,255,255,183
737,巨集管束隊,19,,1,,145,16,0,0,0,0,0,1,5,2,1,0,0,0,0,0,0,0,0,0,,0,,0,,0,,255,0,0
738,感謝幫助聖誕愛麗絲,8,給幫助聖誕愛麗絲的人。,1,,180,16,0,0,0,0,0,1,5,2,1,0,0,0,0,0,0,0,0,15003601,,0,,0,,0,,255,255,183
739,揭發GM許堂28號的秘密,29,雖然揭發出GM許堂28號的秘密，\n但是不知到哪個部份才是X-檔案。,1,,180,16,0,0,0,0,0,1,5,2,1,0,0,0,0,0,0,0,0,0,,0,,0,,0,,255,255,183
740,揭發GM布吉的秘密,28,雖然揭發出GM布吉的秘密，\n但是不知到哪個部份才是X-檔案。,1,,180,16,0,0,0,0,0,1,5,2,1,0,0,0,0,0,0,0,0,0,,0,,0,,0,,255,255,183
741,揭發GM餅乾的秘密,27,雖然揭發出GM餅乾的秘密，\n但是不知到哪個部份才是X-檔案。,1,,180,16,0,0,0,0,0,1,5,2,1,0,0,0,0,0,0,0,0,0,,0,,0,,0,,255,255,183
742,揭發GM戴音3世的秘密,26,雖然已經揭發GM戴音3世的秘密，\n但不知道哪個部分才是X-檔案。,1,,180,16,0,0,0,0,0,1,5,2,1,0,0,0,0,0,0,0,0,0,,0,,0,,0,,255,255,183
743,消防員,284,身為偉大消防員的你的綽號。,1,,145,16,0,0,0,0,0,1,5,2,1,78,100,0,0,0,0,0,0,0,,0,,0,,0,,255,255,183
744,軍畢者,60,給服完兵役的人的稱號。,1,,145,16,0,0,0,0,0,1,5,2,1,0,0,0,0,0,0,0,0,0,,0,,0,,0,,255,255,183
745,種吧種吧！樹木終結者,486,我就是~ 種樹的終結者！,1,,145,16,0,0,0,0,0,1,5,2,1,0,0,0,0,0,0,0,0,0,,0,,0,,0,,180,50,220
746,種吧種吧！樹木王,485,我就是~ 種樹的王！,1,,145,16,0,0,0,0,0,1,5,2,1,0,0,0,0,0,0,0,0,0,,0,,0,,0,,180,50,220
747,我是潛力股,340,[我是 OOO 稱號系列]\n 第1名並非難事!,1,,145,16,0,0,0,0,0,1,5,2,1,124,5,462,10,0,0,0,0,15003871,效果: 物理/魔法 攻擊成功時以一定機率增加50%經驗值增益效果,15003907,,0,,0,,255,255,183
748,我是大隻佬,333,[我是 OOO 稱號系列]\n 防禦就交給我吧!,1,,145,16,0,0,0,0,0,1,5,2,1,30,100,217,3,0,0,0,0,0,,0,,0,,0,,255,255,183
749,我是攻擊手,329,[我是 OOO 稱號系列]\n 攻擊就交給我吧!,1,,145,16,0,0,0,0,0,1,5,2,1,465,1,461,1,0,0,0,0,15003873,物理爆擊效果: 物理爆擊率增加100%,15003875,魔法爆擊效果: 魔法爆擊率增加100%,0,,0,,255,255,183
750,我是財閥,341,[我是 OOO 稱號系列]\n 市場經濟掌握在我手中!,1,,145,16,0,0,0,0,0,1,5,2,1,132,5,128,15,136,50,0,0,0,,0,,0,,0,,255,255,183
751,今日我最美,66,[我是 OOO 稱號系列]\n 我的長相最優!,1,,145,16,0,0,0,0,0,1,5,2,1,124,5,128,15,465,2,0,0,15003877,物理爆擊效果: 物理爆擊傷害增加20%,15003879,魔法爆擊效果: 魔法爆擊傷害增加20%,0,,0,,254,90,190
752,偉大的導師,409,光是我的弟子們就可以排成2列縱隊繞運動場12圈 !,1,,145,16,0,0,0,0,0,1,5,2,1,0,0,0,0,0,0,0,0,0,,0,,0,,0,,255,255,183
753,釣魚高手,477,釣魚世界裡被稱為高手的人!,1,,145,16,0,0,0,0,0,1,5,2,1,454,5,0,0,0,0,0,0,0,,0,,0,,0,,255,255,183
754,釣魚之王,480,在釣魚世界裡被稱為王的人!,1,,145,16,0,0,0,0,0,1,5,2,1,454,8,0,0,0,0,0,0,0,,0,,0,,0,,255,255,183
755,釣魚達人,478,在釣魚世界裡被稱為達人的人!,1,,145,16,0,0,0,0,0,1,5,2,1,454,13,0,0,0,0,0,0,0,,0,,0,,0,,255,255,183
756,釣魚之神,479,在釣魚世界裡被稱為神的人!,1,,145,16,0,0,0,0,0,1,5,2,1,454,20,0,0,0,0,0,0,0,,0,,0,,0,,255,255,183
757,慶祝彩虹島5週年,36,最棒的休閒RPG彩虹島!\n,1,,145,16,0,0,0,0,0,1,5,2,1,0,0,0,0,0,0,0,0,0,,0,,0,,0,,0,200,0
758,簽到之神,552,"在我的字典裡, 沒有遲到跟早退",1,,145,16,0,0,0,0,0,1,5,2,1,0,0,0,0,0,0,0,0,0,,0,,0,,0,,255,100,0
759,星星守護者的後裔,279,賦予守護利利樂的英雄的稱號。,1,,145,16,0,0,0,0,22156,0,5,2,1,465,1,464,10,0,0,0,0,15003881,物理爆擊效果: 物理爆擊傷害增加200%,15003883,魔法爆擊效果: 魔法爆擊效果增加 200%,0,,0,,133,253,212
760,準備冒險的人,492,準備好在彩虹島探險的人。,1,,145,16,0,0,0,0,0,1,5,2,1,0,0,0,0,0,0,0,0,0,,0,,0,,0,,44,143,53
761,準備突變的勇士,491,做好準備要適應巨大變化的人。,1,,145,16,0,0,0,0,0,1,5,2,1,0,0,0,0,0,0,0,0,0,,0,,0,,0,,222,146,27
762,享受變化的人,651,昇華享受變化的人。,1,,145,16,0,0,0,0,0,1,5,2,1,0,0,0,0,0,0,0,0,0,,0,,0,,0,,0,0,255
763,我是最棒的,343,"[我是 OOO 稱號系列]\n 因為我是最棒的, 所以不需要任何效果!",1,,145,16,0,0,0,0,0,1,5,2,1,0,0,0,0,0,0,0,0,0,,0,,0,,0,,200,0,0
764,我是好勝者,346,[我是 OOO 稱號系列]\n 我是好勝者!衝啊!,1,,145,16,0,0,0,0,0,1,5,2,1,30,500,106,20,0,0,0,0,0,,0,,0,,0,,255,255,183
765,我是幸運兒,345,[我是 OOO 稱號系列]\n 幸運來我這裡吧!,1,,145,16,0,0,0,0,0,1,5,2,1,18,50,0,0,0,0,0,0,15003891,效果: 在攻擊時有較低的機率可在1分內增加幸運100,15003893,效果: 在受到攻擊時有較低的機率可以恢復100% HP,15003905,,0,,255,255,183
766,我是拳王,332,[我是 OOO 稱號系列]\n 戰鬥的化身!!,1,,145,16,0,0,0,0,0,1,5,2,1,148,4,14,44,0,0,0,0,15003895,效果: 爆擊發生時以較低的機率追加 4444傷害 (格鬥場為1111傷害),15003901,,0,,0,,255,255,183
767,我是猛男,335,[我是 OOO 稱號系列]\n 我華麗的六塊肌!,1,,145,16,0,0,0,0,0,1,5,2,1,148,5,18,100,30,300,0,0,15003897,效果: 爆擊時以較低的機率追加1111傷害,15003903,,0,,0,,254,90,190
768,引起暴風的人,427,來引起彩虹島暴風吧 Go Go Go~~,1,,145,16,0,0,0,0,0,1,5,2,1,0,0,0,0,0,0,0,0,0,,0,,0,,0,,255,255,183
769,跳入暴風中的人,126,向彩虹島暴風中 Go Go Go~~,1,,145,16,0,0,0,0,0,1,5,2,1,0,0,0,0,0,0,0,0,0,,0,,0,,0,,255,255,183
770,從暴風中歸來的人,487,從彩虹島暴風中回來了!!,1,,145,16,0,0,0,0,0,1,5,2,1,0,0,0,0,0,0,0,0,0,,0,,0,,0,,255,255,183
771,與暴風同在的人,379,與彩虹島暴風一起 Go Go Go~~,1,,145,16,0,0,0,0,0,1,5,2,1,0,0,0,0,0,0,0,0,0,,0,,0,,0,,255,255,183
780,有吸引力的,416,"具有\n""被某些人事物""\n吸引的意思，\n用來稱呼有吸引力的彩虹島物語家族成員。",1,,145,16,0,0,0,0,0,1,5,2,1,0,0,0,0,0,0,0,0,0,,0,,0,,0,,255,100,143
781,男1號,80,我是男1號，請多多指教。,1,,145,16,0,0,0,0,0,1,5,2,1,0,0,0,0,0,0,0,0,0,,0,,0,,0,,255,255,183
782,男2號,81,我是男2號，請多多指教。,1,,145,16,0,0,0,0,0,1,5,2,1,0,0,0,0,0,0,0,0,0,,0,,0,,0,,255,255,183
783,男3號,82,我是男3號，請多多指教。,1,,145,16,0,0,0,0,0,1,5,2,1,0,0,0,0,0,0,0,0,0,,0,,0,,0,,255,255,183
784,男4號,83,我是男4號，請多多指教。,1,,145,16,0,0,0,0,0,1,5,2,1,0,0,0,0,0,0,0,0,0,,0,,0,,0,,255,255,183
785,女1號,86,我是女1號，請多多指教。,1,,145,16,0,0,0,0,0,1,5,2,1,0,0,0,0,0,0,0,0,0,,0,,0,,0,,255,255,183
786,女2號,87,我是女2號，請多多指教。,1,,145,16,0,0,0,0,0,1,5,2,1,0,0,0,0,0,0,0,0,0,,0,,0,,0,,255,255,183
787,女3號,88,我是女3號，請多多指教。,1,,145,16,0,0,0,0,0,1,5,2,1,0,0,0,0,0,0,0,0,0,,0,,0,,0,,255,255,183
788,女4號,89,我是女4號，請多多指教。,1,,145,16,0,0,0,0,0,1,5,2,1,0,0,0,0,0,0,0,0,0,,0,,0,,0,,255,255,183
789,小小樹苗,285,植樹節就要種樹！\n稱號效果適用至4月18日維護前,1,,145,16,0,0,0,0,0,1,5,2,1,0,0,0,0,0,0,0,0,0,,0,,0,,0,,0,153,0
790,神秘小矮人寶石獵人,304,\n稱為神秘小矮人的寶物獵人吧!!\n稱號效果適用至5月30日維護前,1,,145,16,0,0,0,0,0,1,5,2,1,0,0,0,0,0,0,0,0,0,,0,,0,,0,,21,230,255
791,開心兒童節,15,紀念5月兒童節的稱號全數獲得後，可向兔女郎npc領取5月的LATALE稱號。\n[5月活動結束後稱號效果維持],1,,145,16,0,0,0,0,0,1,5,2,1,30,50,0,0,0,0,0,0,0,,0,,0,,0,,255,255,183
792,感恩母親節,9,紀念5月兒童節的稱號全數獲得後，可向兔女郎npc領取5月的LATALE稱號。\n[5月活動結束後稱號效果維持],1,,145,16,0,0,0,0,0,1,5,2,1,465,1,0,0,0,0,0,0,0,,0,,0,,0,,255,255,183
793,尊敬教師節,483,紀念5月兒教師節的稱號全數獲得後，可向兔女郎npc領取5月的LATALE稱號。\n[5月活動結束後稱號效果維持],1,,145,16,0,0,0,0,0,1,5,2,1,463,3,0,0,0,0,0,0,0,,0,,0,,0,,255,255,183
794,是大人囉成人禮,296,紀念5月成年禮的稱號全數獲得後，可向兔女郎npc領取5月的LATALE稱號。\n[5月活動結束後稱號效果維持],1,,145,16,0,0,0,0,0,1,5,2,1,461,3,0,0,0,0,0,0,0,,0,,0,,0,,255,255,183
795,家庭月萬能超人,3,專為完成5月所有活動的玩家而設的稱號。\n[6月13日維護後刪除稱號效果],1,,145,16,0,0,0,0,0,1,5,2,1,0,0,0,0,0,0,0,0,0,,0,,0,,0,,44,133,255
796,彩虹島家族,521,收集到全部的家族稱號，我們是一家人!!,1,,145,16,0,0,0,0,16928,1,5,2,1,463,5,455,25,0,0,0,0,0,,0,,0,,0,,143,195,31
797,彩虹島家族,522,收集到全部的家族稱號，我們是一家人!!,1,,145,16,0,0,0,0,16932,0,5,2,1,461,50,456,10,0,0,0,0,0,,0,,0,,0,,143,195,31
798,★現在是彩虹島時代★,711,和6周年紀念稱號彩虹島物語的時代一起歡度吧!!,1,,145,16,0,0,0,0,0,1,5,2,1,0,0,0,0,0,0,0,0,0,,0,,0,,0,,21,230,255
799,我是良師益友,334,我是受到推薦的彩虹島物語良師益友！！,1,,145,16,0,0,0,0,0,1,5,2,1,0,0,0,0,0,0,0,0,0,,0,,0,,0,,255,100,143
800,愛的訊息,367,情人節快樂呀~,1,,145,16,0,0,0,0,0,1,5,2,1,0,0,0,0,0,0,0,0,0,,0,,0,,0,,255,255,183
801,丘比特的傳令,56,白色情人節快樂~,1,,145,16,0,0,0,0,0,1,5,2,1,0,0,0,0,0,0,0,0,0,,0,,0,,0,,255,255,183
810,(男)，抒情王子,686,歌唱大賽活動,1,,145,16,0,0,0,0,0,1,5,2,1,55,30,0,0,0,0,0,0,0,,0,,0,,0,,255,255,183
811,(女)，人氣公主,687,歌唱大賽活動,1,,145,16,0,0,0,0,0,1,5,2,1,55,30,0,0,0,0,0,0,0,,0,,0,,0,,255,255,183
812,剪刀石頭布大王,449,猜拳活動,1,,145,16,0,0,0,0,0,1,5,2,1,128,20,0,0,0,0,0,0,0,,0,,0,,0,,255,255,183
813,彩虹島智多星,536,彩虹島智多星活動,1,,145,16,0,0,0,0,0,1,5,2,1,31,5,0,0,0,0,0,0,0,,0,,0,,0,,255,255,183
814,彩虹島幸運星,540,彩虹島智多星活動,1,,145,16,0,0,0,0,0,1,5,2,1,19,5,0,0,0,0,0,0,0,,0,,0,,0,,255,255,183
815,牛郎星,402,7.7七夕活動,1,,145,16,0,0,0,0,0,1,5,2,1,59,30,0,0,0,0,0,0,0,,0,,0,,0,,255,255,183
816,織女星,504,7.7七夕活動,1,,145,16,0,0,0,0,0,1,5,2,1,59,30,0,0,0,0,0,0,0,,0,,0,,0,,255,255,183
901,衝鋒陷陣大王,595,塞翁失馬焉知非福~,1,,145,16,0,0,0,0,22122,0,5,2,1,158,3,164,3,176,3,180,3,0,,0,,0,,0,,222,146,27
902,衝鋒陷陣之神,598,1/10000的幸運兒。,1,,145,16,0,0,0,0,22123,0,5,2,1,158,4,164,4,176,4,180,4,15003001,物理爆擊效果: 爆擊傷害增加 15%,15003021,魔法爆擊效果: 魔法爆擊增加15%,0,,0,,222,146,27
903,匠人的手藝,440,"魔法, 這不算什麼。",1,,145,16,0,0,0,0,18034,0,5,2,1,369,2,0,0,0,0,0,0,0,,0,,0,,0,,0,0,0
904,組合大師,481,在組合方面擁有最強實力的匠人。,1,,145,16,0,0,0,0,0,1,5,2,1,384,2,0,0,0,0,0,0,0,,0,,0,,0,,255,255,183
905,金女士玩彩虹島∼,75,為了讓金女士玩彩虹島的稱號∼,1,,145,16,0,0,0,0,0,1,5,2,1,164,2,158,2,106,5,0,0,0,,0,,0,,0,,255,255,183
906,我最厲害∼！,352,瞧你們一副沒出息的樣子！果然還是我最棒了！！！ 呵∼,1,,145,16,0,0,0,0,0,1,5,2,1,156,20,162,20,106,10,0,0,0,,0,,0,,0,,255,255,183
907,只是運氣好學到的,501,突破1/1000的機率而獲得此稱號的您，是真正的幸運兒啊! 嗚哈哈!,1,,145,16,0,0,0,0,22150,0,5,2,1,158,3,164,3,94,3,102,3,0,,0,,0,,0,,222,146,27
908,我就愛衝鋒陷陣,353,這是專為你這種衝鋒陷陣的人創造出的稱號喔! (1/10000機率),1,,145,16,0,0,0,0,22151,0,5,2,1,158,4,164,4,94,6,102,6,0,,0,,0,,0,,222,146,27
909,衝鋒陷陣高手,593,賦予為了得到好的稱號而戰勝無數挑戰的人的稱號。,1,,145,16,0,0,0,0,22124,0,5,2,1,158,3,164,3,128,10,0,0,0,,0,,0,,0,,222,146,27
910,衝鋒陷陣達人,594,賦予為了得到好的稱號，而戰勝無數挑戰與逆境的人的稱號。,1,,145,16,0,0,0,0,22125,0,5,2,1,158,4,164,4,128,20,0,0,0,,0,,0,,0,,222,146,27
911,衝鋒陷陣的祝福,596,給衝鋒陷陣的你的稱號。,1,,145,16,0,0,0,0,22126,0,5,2,1,465,4,466,4,128,20,0,0,15003001,物理爆擊效果: 爆擊傷害增加 15%,15003021,魔法爆擊效果: 魔法爆擊增加15%,0,,0,,222,146,27
912,衝鋒陷陣的祝福,597,給衝鋒陷陣的你的稱號。,1,,145,16,0,0,0,0,0,1,5,2,1,164,4,180,4,128,20,0,0,15003021,魔法爆擊效果: 魔法爆擊增加15%,0,,0,,0,,180,50,220
913,夏日彩虹島,642,和彩虹島一起愉快地飛越夏日的炎熱吧,1,,145,16,0,0,0,0,0,1,5,2,1,158,5,164,5,176,5,180,5,0,,0,,0,,0,,37,221,233
914,初級兔子,580,剛要開始旅行的兔子。,1,,145,16,0,0,0,0,22135,0,5,2,1,158,1,164,1,156,2,162,2,0,,0,,0,,0,,222,146,27
915,中級兔子,494,現在已經熟練旅行的兔子。,1,,145,16,0,0,0,0,22136,0,5,2,1,158,2,164,2,156,4,162,4,0,,0,,0,,0,,222,146,27
916,高級兔子,42,現在對旅行感到很有趣的兔子。,1,,145,16,0,0,0,0,22137,0,5,2,1,158,3,164,3,156,6,162,6,0,,0,,0,,0,,222,146,27
917,超高級兔子,568,現在對旅行感到厭倦的兔子。,1,,145,16,0,0,0,0,22138,0,5,2,1,158,4,164,4,156,8,162,8,0,,0,,0,,0,,222,146,27
918,頂級兔子,455,對其他兔子而言非常高高在上的兔子。,1,,145,16,0,0,0,0,22139,0,5,2,1,465,4,464,10,30,400,34,400,0,,0,,0,,0,,222,146,27
919,頂級兔子,456,對其他兔子而言非常高高在上的兔子。,1,,145,16,0,0,0,0,0,1,5,2,1,164,4,162,10,30,400,34,400,0,,0,,0,,0,,180,50,220
920,頌歌達人,287,每首聖誕歌都會唱的達人!,1,,145,16,0,0,0,0,22140,0,5,2,1,463,5,455,25,0,0,0,0,0,,0,,0,,0,,222,146,27
921,雪橇騎士,276,雪橇、滑雪板、衝浪板，樣樣全都OK!,1,,145,16,0,0,0,0,22141,0,5,2,1,463,10,455,50,0,0,0,0,0,,0,,0,,0,,222,146,27
922,仁慈的小氣鬼,430,沒有想像中苛薄的小氣鬼。,1,,145,16,0,0,0,0,22142,0,5,2,1,463,15,455,75,0,0,0,0,0,,0,,0,,0,,222,146,27
923,悠閒的聖誕老人,415,因為有很多小孩都不乖，所以變得很悠閒的聖誕老人。,1,,145,16,0,0,0,0,22143,0,5,2,1,463,20,455,100,0,0,0,0,0,,0,,0,,0,,222,146,27
924,哇哩記者團,390,我最紅哇哩記者團!\n可使用至2012年3月21日(三)維護前,1,,145,16,0,0,0,0,0,1,5,2,1,0,0,0,0,0,0,0,0,0,,0,,0,,0,,255,100,143
925,媽媽,168,我們是彩虹島物語家族!永遠愛你唷!媽媽!!,1,,145,16,0,0,0,0,22127,0,5,2,1,132,5,455,50,0,0,0,0,0,,0,,0,,0,,222,146,27
926,爸爸,611,我們是彩虹島物語家族!永遠愛你唷!爸爸!!,1,,145,16,0,0,0,0,22128,0,5,2,1,128,5,455,50,0,0,0,0,0,,0,,0,,0,,222,146,27
927,女兒,93,我們是彩虹島物語家族!愛你唷!可愛的女兒!!,1,,145,16,0,0,0,0,22129,0,5,2,1,132,3,455,25,465,4,106,5,0,,0,,0,,0,,222,146,27
928,兒子,349,我們是彩虹島物語家族!愛你唷!帥氣的兒子!!!,1,,145,16,0,0,0,0,22130,0,5,2,1,128,3,455,25,465,4,106,5,0,,0,,0,,0,,222,146,27
930,心地善良,314,在守備模式下無法產生效果。\n啟動恢復效果時產生愛心FX。\n\n有愛心的人最美!\n稱號效果適用至2012年12月31日。,1,,145,16,0,0,0,0,0,1,5,2,1,0,0,0,0,0,0,0,0,0,,0,,0,,0,,255,100,143
931,圖書館管理員,123,獻給在圖書館努力工作的你!\n稱號效果適用至10月17日維護前,1,,145,16,0,0,0,0,0,1,5,2,1,0,0,0,0,0,0,0,0,0,,0,,0,,0,,255,128,80
932,太陽月亮,603,中秋節就在彩虹島物語裡大團圓吧!!!\n稱號效果適用至10月17日維護前,1,,145,16,0,0,0,0,0,1,5,2,1,0,0,0,0,0,0,0,0,0,,0,,0,,0,,255,255,0
933,陰森村莊陰間使者,422,來去陰森村莊探險吧~~!\n稱號效果適用至10月31日維護前,1,,145,16,0,0,0,0,0,1,5,2,1,0,0,0,0,0,0,0,0,0,,0,,0,,0,,83,62,115
934,萬聖節小惡魔,170,不給糖就搗蛋的小惡魔!\n稱號效果適用至11月28日維護前,1,,145,16,0,0,0,0,0,1,5,2,1,0,0,0,0,0,0,0,0,0,,0,,0,,0,,83,62,115
935,劍刃舞者,24,將劍舞到極致的人!悟道後便能自由揮灑劍術的劍刃舞者。,1,,145,16,0,0,0,0,0,1,5,2,1,106,10,0,0,0,0,0,0,0,,0,,0,,0,,240,89,187
936,天之王者,549,彩虹島物語的勇者職業稱號「天之王者」」!,1,,145,16,0,0,0,0,21626,0,5,2,1,0,0,0,0,0,0,0,0,0,,0,,0,,0,,240,89,187
937,幻武劍豪,667,彩虹島物語的勇者職業稱號「幻武劍豪」!,1,,145,16,0,0,0,0,21627,0,5,2,1,0,0,0,0,0,0,0,0,0,,0,,0,,0,,240,89,187
938,創世主,518,彩虹島物語的勇者職業稱號「創世主」!,1,,145,16,0,0,0,0,21628,0,5,2,1,0,0,0,0,0,0,0,0,0,,0,,0,,0,,240,89,187
939,諸神使者,475,彩虹島物語的勇者職業稱號「諸神使者」!,1,,145,16,0,0,0,0,21629,0,5,2,1,0,0,0,0,0,0,0,0,0,,0,,0,,0,,240,89,187
940,大毀滅者,120,彩虹島物語的勇者職業稱號「大毀滅者」!,1,,145,16,0,0,0,0,21630,0,5,2,1,0,0,0,0,0,0,0,0,0,,0,,0,,0,,240,89,187
941,流行天王,165,彩虹島物語的勇者職業稱號「流行天王」!,1,,145,16,0,0,0,0,21631,0,5,2,1,0,0,0,0,0,0,0,0,0,,0,,0,,0,,240,89,187
942,風之潛行者,639,彩虹島物語的勇者職業稱號「風之潛行者」!,1,,145,16,0,0,0,0,21632,0,5,2,1,0,0,0,0,0,0,0,0,0,,0,,0,,0,,240,89,187
943,裁決射手,442,彩虹島物語的勇者職業稱號「裁決射手」!,1,,145,16,0,0,0,0,21633,0,5,2,1,0,0,0,0,0,0,0,0,0,,0,,0,,0,,240,89,187
944,究極兵甲,55,彩虹島物語的勇者職業稱號「究極兵甲」!,1,,145,16,0,0,0,0,21634,0,5,2,1,0,0,0,0,0,0,0,0,0,,0,,0,,0,,240,89,187
945,弒魂者,300,彩虹島物語的勇者職業稱號「弒魂者」!,1,,145,16,0,0,0,0,21635,0,5,2,1,0,0,0,0,0,0,0,0,0,,0,,0,,0,,240,89,187
946,★王者遠征隊★,709,一起加入王者遠征隊吧！！\n稱號效果可套用至2013年10月29日例行維護前為止,1,,145,16,0,0,0,0,0,1,5,2,1,0,0,0,0,0,0,0,0,0,,0,,0,,0,,21,230,255
947,王者小助手,397,我是王者小助手!!\n稱號效果適用至2013年10月29日維護前為止,1,,145,16,0,0,0,0,0,1,5,2,1,0,0,0,0,0,0,0,0,0,,0,,0,,0,,255,255,0
948,我是風,344,[我是OOO稱號學習書系列]\n我可以劈風!,1,,145,16,0,0,0,0,0,1,5,2,1,106,15,0,0,0,0,0,0,15004401,接受物理傷害時，低幾率增加物理回避+50%,0,,0,,0,,255,255,183
949,我是王牌,338,[我是OOO稱號學習書系列]\n我是彩虹島物語的王牌!!!,1,,145,16,0,0,0,0,0,1,5,2,1,66,40,62,40,457,40,0,0,0,,0,,0,,0,,255,255,183
950,我是寬宏大量的人,330,[我是OOO稱號學習書系列]\n因為我宰相肚子能撐船所以大家都很擁戴我!,1,,145,16,0,0,0,0,0,1,5,2,1,216,1000,26,50,0,0,0,0,15004403,接受物理傷害時，低幾率增加防禦力+50%,0,,0,,0,,255,255,183
951,我是完美主義者,337,[我是OOO稱號學習書系列]\n我是完美主義者，我超完美!!,1,,145,16,0,0,0,0,0,1,5,2,1,466,10,463,10,0,0,0,0,0,,0,,0,,0,,255,255,183
952,我是上帝的傑作,336,[我是OOO稱號學習書系列]\n我集所有優點於一身，簡直就是上帝的傑作!,1,,145,16,0,0,0,0,0,1,5,2,1,66,40,62,40,457,40,463,10,15004405,接受物理傷害時，低幾率增加防禦力+50%,0,,0,,0,,254,90,190
953,我是傳說,342,[我是OOO稱號學習書系列]\n我是無所不知的傳說!!,1,,145,16,0,0,0,0,0,1,5,2,1,124,10,30,1500,465,5,0,0,15004407,爆擊時發動 : 增加爆擊傷害+30%,15004411,攻擊時，低幾率增加獲得彩虹幣+40%,0,,0,,21,230,255
954,時間支配者,294,支配彩虹島物語時間的家族!(效用適用至2013年7月3日維護前為止),1,,145,16,0,0,0,0,0,1,5,2,1,0,0,0,0,0,0,0,0,0,,0,,0,,0,,255,100,143
955,姐姐,446,彩虹島物語家族一家親！姐姐我愛你！,1,,145,16,0,0,0,0,22131,0,5,2,1,455,20,465,4,106,10,30,200,0,,0,,0,,0,,222,146,27
956,哥哥,1,彩虹島物語家族一家親！哥哥我愛你！,1,,145,16,0,0,0,0,22132,0,5,2,1,455,20,465,4,106,10,30,200,0,,0,,0,,0,,222,146,27
957,大哥,113,彩虹島物語家族一家親！大哥我愛你！,1,,145,16,0,0,0,0,22133,0,5,2,1,455,20,465,4,106,10,30,200,0,,0,,0,,0,,222,146,27
958,大姊,118,彩虹島物語家族一家親！大姊我愛你！,1,,145,16,0,0,0,0,22134,0,5,2,1,455,20,465,4,106,10,30,200,0,,0,,0,,0,,222,146,27
959,星星樹木園藝家,277,擅長裝點閃閃發亮星星樹木的星星樹木園藝家!!,1,,145,16,0,0,0,0,0,1,5,2,1,124,15,455,30,0,0,0,0,13012242,效果：受到物理攻擊時 5%機率恢復 HP 20%,0,,0,,0,,110,210,190
960,師傅的恩惠,265,老師的恩澤如天高~~(效用適用至2013年6月26日維護前為止),1,,145,16,0,0,0,0,0,1,5,2,1,0,0,0,0,0,0,0,0,0,,0,,0,,0,,255,255,0
961,進擊的爸爸,513,我的家庭真可愛！我是爸爸！,1,,145,16,0,0,0,0,0,1,5,2,1,128,5,455,50,0,0,0,0,0,,0,,0,,0,,222,146,27
962,進擊的媽媽,510,我的家庭真可愛！我是媽媽！,1,,145,16,0,0,0,0,0,1,5,2,1,132,5,455,50,0,0,0,0,0,,0,,0,,0,,222,146,27
963,進擊的兒子,511,我的家庭真可愛！我是兒子！,1,,145,16,0,0,0,0,0,1,5,2,1,128,3,455,25,465,4,106,5,0,,0,,0,,0,,222,146,27
964,進擊的女兒,507,我的家庭真可愛！我是女兒！,1,,145,16,0,0,0,0,0,1,5,2,1,132,3,455,25,465,4,106,5,0,,0,,0,,0,,222,146,27
965,進擊的哥哥,506,我的家庭真可愛！我是哥哥！,1,,145,16,0,0,0,0,0,1,5,2,1,455,20,465,4,106,10,30,200,0,,0,,0,,0,,222,146,27
966,進擊的姐姐,512,我的家庭真可愛！我是姐姐！,1,,145,16,0,0,0,0,0,1,5,2,1,455,20,465,4,106,10,30,200,0,,0,,0,,0,,222,146,27
967,進擊的大哥,508,我的家庭真可愛！我是大哥！,1,,145,16,0,0,0,0,0,1,5,2,1,455,20,465,4,106,10,30,200,0,,0,,0,,0,,222,146,27
968,進擊的大姊,509,我的家庭真可愛！我是大姊！,1,,145,16,0,0,0,0,0,1,5,2,1,455,20,465,4,106,10,30,200,0,,0,,0,,0,,222,146,27
969,LEVEL,785,\n彩虹島砰砰！快速升級！等級上升~,1,,145,16,0,0,0,0,17059,0,5,2,1,465,5,464,10,128,50,124,100,0,,0,,0,,0,,255,255,0
970,無可自拔,185,我對彩虹島物語的愛無可自拔!,1,,145,16,0,0,0,0,0,1,5,2,1,465,1,106,5,455,25,0,0,0,,0,,0,,0,,180,50,220
971,彩虹島冒險家,525,我是在彩虹島中四處冒險的冒險家!!,1,,145,16,0,0,0,0,0,1,5,2,1,140,50,240,50,106,5,26,20,0,,0,,0,,0,,180,50,220
972,777,683,彩虹島物語7周年生日快樂!!!(效果適用至2013年8月28日維護前),1,,145,16,0,0,0,0,0,1,5,2,1,0,0,0,0,0,0,0,0,0,,0,,0,,0,,233,14,101
973,仲夏夜的彩虹島物語,499,\n7?? ??? ??? ??? ???? ?? ???!!(2013? 9? 11? ???? ???? ?? ??),1,,145,16,0,0,0,0,0,1,5,2,1,0,0,0,0,0,0,0,0,0,,0,,0,,0,,254,174,54
974,例行維護,154,彩虹島物語的維護已順利結束。,1,,145,16,0,0,0,0,0,1,5,2,1,158,3,164,3,176,3,180,3,0,,0,,0,,0,,255,180,0
975,緊急維護,73,彩虹島物語的緊急維護已順利結束。,1,,145,16,0,0,0,0,0,1,5,2,1,158,3,164,3,128,10,0,0,0,,0,,0,,0,,255,180,0
976,臨時維護,166,彩虹島物語的臨時維護已順利結束。,1,,145,16,0,0,0,0,0,1,5,2,1,158,4,164,4,176,4,180,4,0,,0,,0,,0,,255,180,0
977,延長維護,381,彩虹島物語的延長維護已順利結束。,1,,145,16,0,0,0,0,0,1,5,2,1,158,4,164,4,128,20,0,0,0,,0,,0,,0,,255,180,0
978,組合之神,482,我可是彩虹島物語的組合之神唷！！,1,,145,16,0,0,0,0,0,1,5,2,1,384,5,0,0,0,0,0,0,0,,0,,0,,0,,0,0,0
979,★愛麗絲的朋友★,707,彩虹島物語的玩家全都是愛麗絲的好朋友喔~★,1,,145,16,0,0,0,0,22144,0,5,2,1,465,4,461,6,0,0,0,0,0,,0,,0,,0,,222,146,27
980,★雷比的朋友★,703,彩虹島物語的玩家全都是雷比的好朋友喔~★,1,,145,16,0,0,0,0,22145,0,5,2,1,465,3,461,3,0,0,0,0,0,,0,,0,,0,,222,146,27
981,HAPPY HALLOWEEN(30日),766,\n快樂彩虹島！萬聖節快樂！！無論何時都幸福滿滿！！\n(30日期間制稱號),1,,145,16,0,0,0,0,17210,0,5,2,1,465,5,464,10,128,50,124,100,0,,0,,0,,0,,240,65,52
982,HAPPY HALLOWIN,767,\n快樂彩虹島!! 快樂萬聖節!! (永久),1,,145,16,0,0,0,0,17210,0,5,2,1,0,0,0,0,0,0,0,0,0,,0,,0,,0,,240,65,52
983,超級幸運滿分,581,\n??? ?????!,1,,145,16,0,0,0,0,0,1,5,2,1,18,100,465,5,132,5,0,0,0,,0,,0,,0,,233,14,101
984,Merry Christmas,789,\n彩虹島聖誕節快樂！！！與彩虹島一起度過幸福的聖誕節~\n(30日期間制稱號),1,,145,16,0,0,0,0,17297,0,5,2,1,465,5,464,10,128,50,124,100,0,,0,,0,,0,,240,65,52
985,Merry Christmas,790,\n彩虹島物語聖誕節快樂!!! 幸福的聖誕節就和彩虹島物語一起度過~\n 獲得100% Merry Christmas 永久稱號!,1,,145,16,0,0,0,0,17297,0,5,2,1,465,4,461,6,132,2,0,0,0,,0,,0,,0,,240,65,52
986,2013奔跑！,715,\n彩虹島物語奔跑吧~！2013奔跑！！,1,,145,16,0,0,0,0,0,1,5,2,1,124,5,465,2,461,5,0,0,0,,0,,0,,0,,240,65,52
987,華納海姆守護者,662,\n請守護華納海姆!!,1,,145,16,0,0,0,0,0,1,5,2,1,465,3,461,3,0,0,0,0,0,,0,,0,,0,,153,217,234
988,世界樹守護者,281,\n請守護世界樹！！,1,,145,16,0,0,0,0,0,1,5,2,1,465,3,461,3,0,0,0,0,0,,0,,0,,0,,153,217,234
989,LATALE★5YEARS,779,\n一起來慶祝彩虹島物語5週年吧！滿滿的愛！！,1,,145,16,0,0,0,0,17308,0,5,2,1,465,1,464,3,30,100,0,0,0,,0,,0,,0,,233,14,101
990,2017HAPPY NEW YEAR！,717,\n祝玩家們度過幸福、充滿好事的2017年！！！\n(30日期間制稱號),1,,145,16,0,0,0,0,17307,0,5,2,1,465,5,464,10,128,50,124,100,0,,0,,0,,0,,240,65,52
991,2017HAPPY NEW YEAR！,718,\n祝玩家們度過幸福、充滿好事的2017年！！！\n(永久制稱號),1,,145,16,0,0,0,0,17307,0,5,2,1,465,4,461,6,132,2,0,0,0,,0,,0,,0,,240,65,52
992,甜甜GM餅乾的你,557,\nGM餅乾一起分享的甜蜜蜜稱號,1,,180,16,0,0,0,0,0,1,5,2,1,0,0,0,0,0,0,0,0,0,,0,,0,,0,,255,174,201
993,甜甜GM傑諾的你,554,\nGM傑諾一起分享的甜蜜蜜稱號,1,,180,16,0,0,0,0,0,1,5,2,1,0,0,0,0,0,0,0,0,0,,0,,0,,0,,255,174,201
994,甜甜GM戴音的你,555,\nGM戴音3世一起分享的甜蜜蜜稱號,1,,180,16,0,0,0,0,0,1,5,2,1,0,0,0,0,0,0,0,0,0,,0,,0,,0,,255,174,201
995,甜甜GM莫迪的你,556,\nGM莫迪一起分享的甜蜜蜜稱號,1,,180,16,0,0,0,0,0,1,5,2,1,0,0,0,0,0,0,0,0,0,,0,,0,,0,,255,174,201
996,甜甜GM阿福勒督的你,558,\nGM阿福勒督一起分享的甜蜜蜜稱號,1,,180,16,0,0,0,0,0,1,5,2,1,0,0,0,0,0,0,0,0,0,,0,,0,,0,,255,174,201
997,甜甜GM哲修的你,559,\nGM哲修一起分享的甜蜜蜜稱號,1,,180,16,0,0,0,0,0,1,5,2,1,0,0,0,0,0,0,0,0,0,,0,,0,,0,,255,174,201
998,甜甜GM包子的你,560,\nGM包子一起分享的甜蜜蜜稱號,1,,180,16,0,0,0,0,0,1,5,2,1,0,0,0,0,0,0,0,0,0,,0,,0,,0,,255,174,201
999,[GM],688,我是GM~,1,,145,16,0,0,0,0,0,1,5,2,1,106,20,217,100,0,0,0,0,0,,0,,0,,0,,255,255,183
1000,Welcome歡樂世界,825,歡迎來到歡樂世界!!!!,1,,145,16,0,0,0,0,16936,0,5,2,1,0,0,0,0,0,0,0,0,0,,0,,0,,0,,255,100,143
1001,NAVER,796,\nNAVER彩虹島物語邀請您!!(期間制),1,,145,16,0,0,0,0,0,1,5,2,1,30,1000,465,3,464,20,488,50,0,,0,,0,,0,,5,207,0
1002,NAVER FX,797,\nNAVER彩虹島物語邀請您!!(永久),1,,145,16,0,0,0,0,17313,0,5,2,1,0,0,0,0,0,0,0,0,0,,0,,0,,0,,5,207,0
1003,PRIMIUM,800,\n您是真正的彩虹島物語PRIMIUM!,1,,145,16,0,0,0,0,17338,0,5,2,1,462,10,461,10,496,400,132,15,0,,0,,0,,0,,233,14,101
1004,LATALE★5YEARS,780,\n一起來慶祝彩虹島物語5週年吧！滿滿的愛！！,1,,145,16,0,0,0,0,17308,0,5,2,1,465,1,464,3,30,100,0,0,0,,0,,0,,0,,233,14,101
1005,隱藏記憶的探索者,418,\n我已經完成所有吉恩蒂亞公園調查員的功課了!,1,,145,16,0,0,0,0,0,1,5,2,1,0,0,0,0,0,0,0,0,0,,0,,0,,0,,0,193,163
1006,卡片大師,437,\n我感受到卡片大師靈氣…!,1,,145,16,0,0,0,0,0,1,5,2,1,0,0,0,0,0,0,0,0,0,,0,,0,,0,,240,89,187
1007,★LATALE CUP★,695,\n大韓民國加油！！！加油加油∼,1,,145,16,0,0,0,0,17430,0,5,2,1,465,5,464,10,26,50,124,30,81001113,移動速度增加15%,0,,0,,0,,0,0,0
1008,歡慶8週年！,666,\n彩虹島8週年了呢！！真棒~！,1,,145,16,0,0,0,0,0,1,5,2,1,465,2,455,20,124,20,0,0,0,,0,,0,,0,,245,39,230
1009,CARD MASTER,743,\n驚人的成長…你是真正的CARD MASTER！,1,,145,16,0,0,0,0,17454,0,5,2,1,0,0,0,0,0,0,0,0,0,,0,,0,,0,,131,119,49
1010,CARD MASTER(時效制),745,\n驚人的成長…你是真正的CARD MASTER！,1,,145,16,0,0,0,0,17454,0,5,2,1,465,5,464,10,128,50,124,100,0,,0,,0,,0,,131,119,49
1011,武器英雄,186,\n武器稱雄!我武器英雄!\n套用效果至10月16日為止,1,,145,16,0,0,0,0,0,1,5,2,1,465,1,455,10,124,10,0,0,0,,0,,0,,0,,107,81,47
1012,戒指英雄,38,\n戒指稱雄!我是戒指英雄!\n套用效果至10月16日為止,1,,145,16,0,0,0,0,0,1,5,2,1,465,1,455,10,124,10,0,0,0,,0,,0,,0,,107,81,47
1013,耳環英雄,426,\n耳環稱雄!我是耳環英雄!\n套用效果至10月16日為止,1,,145,16,0,0,0,0,0,1,5,2,1,465,1,455,10,124,10,0,0,0,,0,,0,,0,,107,81,47
1014,披風英雄,640,\n披風稱雄!我是披風英雄!\n套用效果至10月16日為止,1,,145,16,0,0,0,0,0,1,5,2,1,465,1,455,10,124,10,0,0,0,,0,,0,,0,,107,81,47
1015,項鍊英雄,646,\n項鍊稱雄! 我是項鍊英雄!\n套用效果至10月16日為止,1,,145,16,0,0,0,0,0,1,5,2,1,465,1,455,10,124,10,0,0,0,,0,,0,,0,,107,81,47
1016,CARD MASTER,744,\n懷抱著卡片靈氣的我是卡片大師!!!,1,,145,16,0,0,0,0,17454,0,5,2,1,465,5,464,10,26,50,124,30,81001112,物理/魔法命中率上升5%,0,,0,,0,,131,119,49
1017,卡片大師,438,\n我感受到卡片大師靈氣…!(30日期間制),1,,145,16,0,0,0,0,0,1,5,2,1,465,3,464,10,30,500,0,0,0,,0,,0,,0,,240,89,187
1018,LOVE LOVE,787,\n彩虹島的玩家們都相親相愛吧！！愛心∼,1,,145,16,0,0,0,0,17501,0,5,2,1,465,5,464,10,128,50,124,100,0,,0,,0,,0,,245,39,230
1019,★No.1 STAR★,699,\n我就是彩虹島的★No.1 STAR★,1,,145,16,0,0,0,0,17529,0,5,2,1,465,5,464,10,128,50,124,100,0,,0,,0,,0,,245,39,230
1020,無限彩虹島,190,\n挑戰彩虹島物語無止盡的冒險吧!!,1,,145,16,0,0,0,0,0,1,5,2,1,465,1,464,5,455,25,30,500,0,,0,,0,,0,,245,39,230
1021,Sweet Spring,817,\n帶給玩家溫暖又香甜的氣息~~~,1,,145,16,0,0,0,0,17637,0,5,2,1,465,5,464,10,128,50,124,100,0,,0,,0,,0,,245,39,230
1022,★阿卡修拉的一員★,706,\n作為優秀的阿卡修拉的一員感到很驕傲!!,1,,145,16,0,0,0,0,0,1,5,2,1,465,4,455,100,0,0,0,0,0,,0,,0,,0,,245,39,230
1023,220級達成者,733,\n聽說了嗎?我就是彩虹島物語的滿級王!!!,1,,145,16,0,0,0,0,0,1,5,2,1,158,4,164,4,176,4,180,4,15003001,物理效果:爆擊損傷增加 15%,15003021,物理效果:爆擊損傷增加 15%,0,,0,,255,100,255
1024,7月是我們的世界！,734,\n7月就和彩虹島物語一起~~ 我們的~ 世界！！！,1,,145,16,0,0,0,0,0,1,5,2,1,465,6,464,15,30,600,124,25,0,,0,,0,,0,,255,100,255
1025,★奧丁的死黨★,708,\n你就是奧丁的死黨！！！,1,,145,16,0,0,0,0,0,1,5,2,1,465,4,461,6,0,0,0,0,0,,0,,0,,0,,55,255,103
1026,★妮宜的死黨★,702,\n你就是妮宜的死黨！！！		,1,,145,16,0,0,0,0,0,1,5,2,1,465,3,461,3,0,0,0,0,0,,0,,0,,0,,55,255,103
1027,慶祝彩虹島9週年,37,\n慶祝彩虹島9週年!!,1,,145,16,0,0,0,0,0,1,5,2,1,465,3,461,3,463,3,0,0,0,,0,,0,,0,,255,100,255
1028,彩虹島猜謎王,532,\n任命你為彩虹島猜謎王！！,1,,145,16,0,0,0,0,22182,0,5,2,1,456,2,0,0,0,0,0,0,0,,0,,0,,0,,63,191,255
1029,FLY TO THE MOON,756,\n望著圓月和你一起許願~,1,,145,16,0,0,0,0,17808,0,5,2,1,465,5,464,10,456,1,124,30,0,,0,,0,,0,,58,1,171
1030,未知的倉庫,193,"\n給予前來彩虹島物語10月更新""未知的倉庫""的玩家特別稱號!",1,,145,16,0,0,0,0,0,1,5,2,1,465,2,461,5,455,50,0,0,0,,0,,0,,0,,58,1,171
1031,★LATALE LEGEND★,698,\n你是彩虹島物語真正的傳奇~!,1,,145,16,0,0,0,0,0,1,5,2,1,465,2,461,4,463,4,0,0,0,,0,,0,,0,,181,137,49
1032,凱米努茲的手下,13,\n給予成為凱米努茲手下的家族特別的力量…,1,,145,16,0,0,0,0,0,1,5,2,1,465,2,461,5,463,5,0,0,0,,0,,0,,0,,245,39,230
1033,奈潘斯的手下,84,\n成為奈潘斯的手下定會忠心不二,1,,145,16,0,0,0,0,0,1,5,2,1,465,2,461,5,455,60,0,0,0,,0,,0,,0,,245,39,230
1034,特洛里同盟軍,607,\n強大的特洛里同盟軍力量,1,,145,16,0,0,0,0,0,1,5,2,1,465,1,464,5,455,20,30,500,0,,0,,0,,0,,245,39,230
1035,麥德斯的手藝,175,\n麥德斯的手藝是最棒的~因為你是最棒的對吧?,1,,145,16,0,0,0,0,0,1,5,2,1,369,3,384,5,411,30,0,0,0,,0,,0,,0,,0,0,0
1036,弧形大師,655,\n4轉職業王者稱號!! 我就是彩虹島物語的弧形大師!,1,,145,16,0,0,0,0,21636,0,5,2,1,0,0,0,0,0,0,0,0,0,,0,,0,,0,,240,89,187
1037,暴力大師,634,\n4轉職業王者稱號!! 我就是彩虹島物語的暴力大師!,1,,145,16,0,0,0,0,21637,0,5,2,1,0,0,0,0,0,0,0,0,0,,0,,0,,0,,240,89,187
1038,闇影武士,357,\n4轉職業王者稱號!! 我就是彩虹島物語的闇影武士!,1,,145,16,0,0,0,0,21638,0,5,2,1,0,0,0,0,0,0,0,0,0,,0,,0,,0,,240,89,187
1039,魂之勇者,658,\n4轉職業王者稱號!! 我就是彩虹島物語的魂之勇者!,1,,145,16,0,0,0,0,21643,0,5,2,1,0,0,0,0,0,0,0,0,0,,0,,0,,0,,240,89,187
1040,劍刃舞者,25,\n4轉職業王者稱號!! 我就是彩虹島物語的劍刃舞者!,1,,145,16,0,0,0,0,21644,0,5,2,1,0,0,0,0,0,0,0,0,0,,0,,0,,0,,240,89,187
1041,恐懼騎士,44,\n4轉職業王者稱號!! 我就是彩虹島物語的恐懼騎士!,1,,145,16,0,0,0,0,21645,0,5,2,1,0,0,0,0,0,0,0,0,0,,0,,0,,0,,240,89,187
1042,鬥神,138,\n4轉職業王者稱號!! 我就是彩虹島物語的鬥神!,1,,145,16,0,0,0,0,21646,0,5,2,1,0,0,0,0,0,0,0,0,0,,0,,0,,0,,240,89,187
1043,幻術師,668,\n4轉職業王者稱號!! 我就是彩虹島物語的幻術師!,1,,145,16,0,0,0,0,21647,0,5,2,1,0,0,0,0,0,0,0,0,0,,0,,0,,0,,240,89,187
1044,音樂大師,423,\n4轉職業王者稱號!! 我就是彩虹島物語的音樂大師!,1,,145,16,0,0,0,0,21648,0,5,2,1,0,0,0,0,0,0,0,0,0,,0,,0,,0,,240,89,187
1045,忍者大師,429,\n4轉職業王者稱號!! 我就是彩虹島物語的忍者大師!,1,,145,16,0,0,0,0,21649,0,5,2,1,0,0,0,0,0,0,0,0,0,,0,,0,,0,,240,89,187
1046,審判者,316,\n4轉職業王者稱號!! 我就是彩虹島物語的審判者!,1,,145,16,0,0,0,0,21650,0,5,2,1,0,0,0,0,0,0,0,0,0,,0,,0,,0,,240,89,187
1047,改造大師,16,\n4轉職業王者稱號!! 我就是彩虹島物語的改造大師!,1,,145,16,0,0,0,0,21651,0,5,2,1,0,0,0,0,0,0,0,0,0,,0,,0,,0,,240,89,187
1048,HELLO MR. MONKEY,770,\n今年是我的年~玩家們，接受我滿滿的氣息吧！,1,,145,16,0,0,0,0,17996,0,5,2,1,465,5,464,10,128,50,124,100,0,,0,,0,,0,,245,39,230
1049,☆2016玩家座談會★,694,\n感謝您喜愛彩虹島物語~ 請更加支持我們哦~!^^,1,,145,16,0,0,0,0,0,1,5,2,1,456,5,461,10,464,10,465,5,0,,0,,0,,0,,233,14,101
1050,2016玩家座談會,716,\n感謝您長久以來的愛護~ 日後也請繼續多多支持哦~!^^,1,,145,16,0,0,0,0,0,1,5,2,1,0,0,0,0,0,0,0,0,0,,0,,0,,0,,233,14,101
1051,DEMI GOD,752,\n去迎接DEMI GOD吧~！會感受到超乎想像的力量~！！,1,,145,16,0,0,0,0,18058,0,5,2,1,465,5,464,10,128,50,124,100,0,,0,,0,,0,,58,1,171
1052,2017年with Friend,719,\n我愛彩虹島物語!恭喜彩虹島物語2017年!!,1,,145,16,0,0,0,0,18140,0,5,2,1,132,5,124,10,106,10,0,0,0,,0,,0,,0,,245,39,230
1053,AURORA GARDEN,735,\n充滿歐若拉庭院的氣息！,1,,145,16,0,0,0,0,18057,0,5,2,1,456,3,106,10,0,0,0,0,0,,0,,0,,0,,245,39,230
1054,奧莉安的摯友,385,\n玩家與奧莉安變親近，所以是奧莉安的摯友！,1,,145,16,0,0,0,0,0,1,5,2,1,465,3,128,10,0,0,0,0,0,,0,,0,,0,,205,175,70
1055,傑凱的同夥,20,\n對自己與傑凱同夥感到滿足？！,1,,145,16,0,0,0,0,0,1,5,2,1,465,3,466,3,0,0,0,0,0,,0,,0,,0,,201,94,23
1056,HOT PLAYER,771,\n玩家！Hot！！,1,,145,16,0,0,0,0,18057,0,5,2,1,464,10,465,5,0,0,0,0,0,,0,,0,,0,,245,39,230
1057,GM Super Power,761,\n凝聚GM的氣息~！玩家的超級力量~！！,1,,145,16,0,0,0,0,18267,0,5,2,1,465,5,464,10,128,50,124,100,0,,0,,0,,0,,245,39,230
1058,Merry Christmas,791,\n彩虹島物語聖誕節快樂！！！幸福的聖誕節就和彩虹島物語一起度過~,1,,145,16,0,0,0,0,17297,0,5,2,1,0,0,0,0,0,0,0,0,0,,0,,0,,0,,240,65,52
1059,The Best Level,818,\n恭喜達成最高等級~！玩家你是彩虹島物語的最棒島民~！,1,,145,16,0,0,0,0,18406,0,5,2,1,465,4,464,20,141,2,241,2,0,,0,,0,,0,,240,65,52
1060,混血天神,659,\n4轉職業王者稱號！！我就是彩虹島物語的混血天神！,1,,145,16,0,0,0,0,21639,0,5,2,1,0,0,0,0,0,0,0,0,0,,0,,0,,0,,240,89,187
1061,HAPPY HAPPY,768,\n在涼爽的春天我們全部都HAPPY HAPPY~?,1,,145,16,0,0,0,0,18438,0,5,2,1,465,5,464,10,128,50,124,100,0,,0,,0,,0,,245,39,230
1062,Let's PLAY！！,783,\n我們一起在彩虹島玩吧~!! 一起享受彩虹島~!!,1,,145,16,0,0,0,0,18496,0,5,2,1,456,5,461,10,464,10,465,5,0,,0,,0,,0,,233,14,101
1063,Let's PLAY！！,784,\n我們一起在彩虹島玩吧~!! 一起享受彩虹島~!!,1,,145,16,0,0,0,0,18496,0,5,2,1,0,0,0,0,0,0,0,0,0,,0,,0,,0,,233,14,101
1064,耶比妹妹愛好者,371,\n送給2017年彩虹島物語★遊樂園參與者的特殊禮物!!\n只有『討厭英文』的玩家可以使用的稱號!,1,,145,16,0,0,0,0,0,1,5,2,1,124,10,30,1500,465,5,0,0,15004407,發動爆擊時：增加爆擊傷害30%,15004409,,15004411,攻擊時低機率發動Ely獲得量40%,15004413,,204,97,91
1065,耶比妹妹愛好者,372,\n送給2017年彩虹島物語★遊樂園參與者的特殊禮物!!\n只有『討厭英文』的玩家可以使用的稱號!,1,,145,16,0,0,0,0,0,1,5,2,1,124,10,30,1500,465,5,0,0,15004407,發動爆擊時：增加爆擊傷害30%,15004409,,15004411,攻擊時低機率發動Ely獲得量40%,15004413,,255,232,161
1066,SUMMER STORY,812,\n前往奧爾卡海邊 ~ 前往山林地帶 ~ 去彩虹島享受夏季吧 GOGOGO~!,1,,145,16,0,0,0,0,18539,0,5,2,1,465,4,464,10,456,2,124,30,15003885,物理爆擊效果: 以低機率上升物理爆擊傷害200%,15003887,魔法爆擊效果: 以低機率上升魔法爆擊傷害200%,0,,0,,255,232,161
1067,抵達冒險終點者,445,\n還剩下很多冒險。GOGOGO~!,1,,145,16,0,0,0,0,0,1,5,2,1,465,2,461,15,462,15,456,1,0,,0,,0,,0,,245,39,230
1068,[活動] 麥德斯的手藝,692,\n[活動] 麥德斯的手藝最棒了~ 就說你真的是最棒的？,1,,145,16,0,0,0,0,0,1,5,2,1,369,3,384,5,411,30,0,0,0,,0,,0,,0,,0,0,0
1069,彩虹島名偵探,524,\n調查~ 調查~ 在哪裡哪裡~ 我就是名偵探!,1,,145,16,0,0,0,0,0,1,5,2,1,0,0,0,0,0,0,0,0,0,,0,,0,,0,,58,1,171
1070,炙焰天,434,\n4轉職業炙焰天!! 彩虹島燃起熊熊大火吧~,1,,145,16,0,0,0,0,21640,0,5,2,1,0,0,0,0,0,0,0,0,0,,0,,0,,0,,240,89,187
1071,TREASURE CAVE,820,\n到充滿金銀財寶的TREASURE CAVE探險吧~！,1,,145,16,0,0,0,0,18635,0,5,2,1,465,5,464,10,128,50,124,100,0,,0,,0,,0,,245,39,230
1072,SANTA＆RUDOLPH,807,\n在白雪之間~跟聖誕魯道夫一起，與彩虹島物語一起度過冬天吧~！,1,,145,16,0,0,0,0,18809,0,5,2,1,465,5,464,10,128,50,124,100,0,,0,,0,,0,,245,39,230
1073,彩虹島網咖之神認證？,523,\n彩虹島網咖之神玩家認證？,1,,145,16,0,0,0,0,0,1,5,2,1,462,20,456,3,0,0,0,0,0,,0,,0,,0,,21,230,255
1074,貝羅斯市民獎受獎者,613,\n頒發貝羅斯市民獎給玩家,1,,145,16,0,0,0,0,0,1,5,2,1,124,30,0,0,0,0,0,0,0,,0,,0,,0,,201,94,23
1075,艾利亞斯市民獎受獎者,364,\n頒發艾利亞斯市民獎給玩家,1,,145,16,0,0,0,0,0,1,5,2,1,492,15,38,15,0,0,0,0,0,,0,,0,,0,,201,94,23
1076,龍京市民獎受獎者,163,\n頒發龍京市民獎給玩家,1,,145,16,0,0,0,0,0,1,5,2,1,128,25,0,0,0,0,0,0,0,,0,,0,,0,,201,94,23
1077,奧亦奇市民獎受獎者,386,\n頒發奧亦奇市民獎給玩家,1,,180,16,0,0,0,0,0,1,5,2,1,132,5,136,200,0,0,0,0,0,,0,,0,,0,,201,94,23
1078,阿法市民獎受獎者,326,\n頒發阿法市民獎給玩家,1,,145,16,0,0,0,0,0,1,5,2,1,496,500,0,0,0,0,0,0,0,,0,,0,,0,,201,94,23
1079,貝斯市民獎受獎者,615,\n頒發貝斯市民獎給玩家,1,,145,16,0,0,0,0,0,1,5,2,1,461,10,462,10,0,0,0,0,0,,0,,0,,0,,201,94,23
1080,亞特蘭提斯市民獎受獎者,354,\n頒發亞特蘭提斯市民獎給玩家,1,,180,16,0,0,0,0,0,1,5,2,1,464,10,466,20,0,0,0,0,0,,0,,0,,0,,201,94,23
1081,SANTA＆RUDOLPH,808,\n在白雪之間~跟聖誕魯道夫一起，與彩虹島物語一起度過冬天吧~！,1,,145,16,0,0,0,0,18809,0,5,2,1,0,0,0,0,0,0,0,0,0,,0,,0,,0,,255,0,0
1082,2018 HAPPY NEW YEAR,720,\n祝福彩虹島玩家2018戊戌年事事順利~!,1,,145,16,0,0,0,0,18902,0,5,2,1,465,4,464,10,456,2,124,30,15003885,物理爆擊效果: 物理爆擊傷害增加200%,15003887,物理爆擊效果: 魔法爆擊效果增加200%,0,,0,,255,232,161
1083,戊戌年的幸運,189,\n給你滿滿的戊戌年好運~!,1,,145,16,0,0,0,0,0,1,5,2,1,456,7,461,25,462,25,0,0,0,,0,,0,,0,,233,14,101
1084,內心溫暖的'空間',85,\n慈善天使'空間'發放的彩虹島獨一無二稀有稱號!!,1,,145,16,0,0,0,0,0,1,5,2,1,124,10,30,1500,465,5,0,0,15004407,爆擊時啟動：爆擊傷害增加 30%,15004409,,15004411,攻擊時低機率發動Ely獲得量40%,15004413,,255,190,33
1200,突變小章魚士兵殺手,134,\n成為突變小章魚士兵殺手！,1,,180,16,0,0,0,0,0,1,5,2,1,106,10,30,150,0,0,0,0,0,,0,,0,,0,,92,4,252
1201,突變機器耶比殺手,130,\n成為突變機器耶比殺手！,1,,145,16,0,0,0,0,0,1,5,2,1,106,10,30,150,0,0,0,0,0,,0,,0,,0,,92,4,252
1202,突變大眼劍殺手,131,\n成為突變大眼劍殺手！,1,,145,16,0,0,0,0,0,1,5,2,1,106,10,30,150,0,0,0,0,0,,0,,0,,0,,92,4,252
1203,突變鬼武士殺手,129,\n成為突變鬼武士殺手！,1,,145,16,0,0,0,0,0,1,5,2,1,106,10,30,150,0,0,0,0,0,,0,,0,,0,,92,4,252
1204,突變靈魂收割者殺手,133,\n成為突變靈魂收割者士兵殺手！,1,,145,16,0,0,0,0,0,1,5,2,1,106,10,30,150,0,0,0,0,0,,0,,0,,0,,92,4,252
1205,突變藍寶怪殺手,132,\n成為突變藍寶怪士兵殺手！,1,,145,16,0,0,0,0,0,1,5,2,1,106,10,30,150,0,0,0,0,0,,0,,0,,0,,92,4,252
1206,突變花蛇殺手,135,\n成為突變花蛇殺手！,1,,145,16,0,0,0,0,0,1,5,2,1,106,10,30,150,0,0,0,0,0,,0,,0,,0,,92,4,252
1207,小章魚義大利麵,286,\n要吃一口香辣的小章魚義大利麵嗎？,1,,145,16,0,0,0,0,0,1,5,2,1,30,500,94,10,102,10,0,0,14010001,小章魚繩索：[組隊] 自身與隊友「HP」增加400,0,,0,,0,,92,4,252
1208,星星樹木雕刻師,278,\n吃星星的樹由我來雕刻！,1,,145,16,0,0,0,0,0,1,5,2,1,14,30,22,30,0,0,0,0,0,,0,,0,,0,,92,4,252
1209,黑月部族,680,\n賦予稱號給黑月部族,1,,145,16,0,0,0,0,22157,0,5,2,1,462,2,455,30,0,0,0,0,0,,0,,0,,0,,133,253,212
1210,吉恩蒂亞,74,\n給初入吉恩蒂亞之人的稱號,1,,145,16,0,0,0,0,22158,0,5,2,1,461,2,455,30,0,0,0,0,0,,0,,0,,0,,133,253,212
1211,普雷伊奧斯,241,\n給初入普雷伊奧斯之人的稱號,1,,145,16,0,0,0,0,22159,0,5,2,1,463,5,455,30,0,0,0,0,0,,0,,0,,0,,133,253,212
1212,特洛里,606,\n給初入特洛里之人的稱號,1,,145,16,0,0,0,0,22160,0,5,2,1,466,10,455,70,0,0,0,0,0,,0,,0,,0,,133,253,212
1213,光之聯合,51,\n給初入光之聯合之人的稱號,1,,145,16,0,0,0,0,22161,0,5,2,1,492,2,38,2,455,100,0,0,0,,0,,0,,0,,133,253,212
1214,超級瑪琍最簡單了。,576,\n唉唷，好簡單啊！,1,,145,16,0,0,0,0,22183,0,5,2,1,106,10,455,20,0,0,0,0,0,,0,,0,,0,,254,68,31
1215,超級瑪琍很難嗎？,579,\n這很難嗎？？很難嗎？？,1,,145,16,0,0,0,0,22184,0,5,2,1,106,10,455,20,0,0,0,0,0,,0,,0,,0,,254,68,31
1216,超級瑪琍就在於手感啊！,578,\n手感∼超級好啊！,1,,145,16,0,0,0,0,22185,0,5,2,1,106,15,455,25,0,0,0,0,0,,0,,0,,0,,254,68,31
1217,超級瑪琍真無聊,574,\n啊…又是這個啊…,1,,145,16,0,0,0,0,22186,0,5,2,1,106,20,455,30,0,0,0,0,0,,0,,0,,0,,254,68,31
1218,巴布梅特騎士團,612,\n等著巴布梅特吧！！,1,,145,16,0,0,0,0,0,1,5,2,1,14,50,22,50,0,0,0,0,0,,0,,0,,0,,92,4,252
1219,普拉斯騎士團,240,\n會一起消滅普拉斯吧？,1,,145,16,0,0,0,0,0,1,5,2,1,18,80,26,80,0,0,0,0,0,,0,,0,,0,,92,4,252
1220,機甲虎林船長,68,\n向左舷~！！,1,,145,16,0,0,0,0,0,1,5,2,1,466,10,465,1,0,0,0,0,0,,0,,0,,0,,92,4,252
1221,亞奇戰龍記錄官,318,\n亞奇戰龍記錄官就是今天！,1,,145,16,0,0,0,0,0,1,5,2,1,466,10,464,5,0,0,0,0,0,,0,,0,,0,,92,4,252
1222,糖度滿點！蘋果,111,\n啊~好甜啊~,1,,145,16,0,0,0,0,0,1,5,2,1,464,5,455,35,0,0,0,0,0,,0,,0,,0,,92,4,252
1223,酸甜的草莓,269,\n草苺就是要酸酸甜甜的！,1,,145,16,0,0,0,0,0,1,5,2,1,455,35,461,5,0,0,0,0,0,,0,,0,,0,,92,4,252
1224,第35代火神,473,\n父親~！！！！,1,,145,16,0,0,0,0,0,1,5,2,1,464,5,461,5,0,0,0,0,0,,0,,0,,0,,92,4,252
1225,挖掘團的金銀財寶,356,\n多到好閃耀啊~！,1,,145,16,0,0,0,0,0,1,5,2,1,128,10,132,2,0,0,0,0,0,,0,,0,,0,,92,4,252
1226,軍長白獅女王,59,\n誰入侵我的領域了！！,1,,145,16,0,0,0,0,0,1,5,2,1,455,35,462,10,0,0,0,0,0,,0,,0,,0,,92,4,252
1227,軍團參謀長,58,\n進擊吧~！！！,1,,145,16,0,0,0,0,0,1,5,2,1,30,500,461,5,0,0,0,0,0,,0,,0,,0,,92,4,252
1228,貝羅斯村莊小幫手,614,\n貝羅斯村莊的小幫手~！,1,,145,16,0,0,0,0,0,1,5,2,1,0,0,0,0,0,0,0,0,0,,0,,0,,0,,201,94,23
1229,龍京村莊小幫手,164,\n龍京村莊的小幫手~！,1,,145,16,0,0,0,0,0,1,5,2,1,0,0,0,0,0,0,0,0,0,,0,,0,,0,,201,94,23
1230,奧亦奇村莊小幫手,387,\n奧亦奇村莊的小幫手~！,1,,145,16,0,0,0,0,0,1,5,2,1,0,0,0,0,0,0,0,0,0,,0,,0,,0,,201,94,23
1231,阿法村莊小幫手,327,\n阿法村莊的小幫手~！,1,,145,16,0,0,0,0,0,1,5,2,1,0,0,0,0,0,0,0,0,0,,0,,0,,0,,201,94,23
1232,貝斯村莊小幫手,616,\n貝斯村莊的小幫手~！,1,,145,16,0,0,0,0,0,1,5,2,1,0,0,0,0,0,0,0,0,0,,0,,0,,0,,201,94,23
1233,貝希摩斯治療師,618,\n我是貝希摩斯的醫生！,1,,145,16,0,0,0,0,0,1,5,2,1,30,500,497,10,0,0,0,0,0,,0,,0,,0,,92,4,252
1234,精靈城守護者,458,\n從敵人手上守護精靈城吧！,1,,145,16,0,0,0,0,0,1,5,2,1,216,500,458,500,0,0,0,0,0,,0,,0,,0,,92,4,252
1235,鬼怪山探險隊,62,\n好陰森…毛骨悚然的氣息..！,1,,145,16,0,0,0,0,0,1,5,2,1,497,15,106,20,0,0,0,0,0,,0,,0,,0,,92,4,252
1236,奧列佛遊記,383,\n咚！咚！在這個世界上我最大！,1,,145,16,0,0,0,0,0,1,5,2,1,106,20,26,150,0,0,0,0,0,,0,,0,,0,,92,4,252
1237,蕾蕾是我朋友,162,\n蕾蕾你好啊？很高興見到你！,1,,145,16,0,0,0,0,0,1,5,2,1,26,150,14,100,0,0,0,0,0,,0,,0,,0,,92,4,252
1238,暢貨中心,519,\n家具也會做給我嗎..？,1,,145,16,0,0,0,0,0,1,5,2,1,455,50,461,3,0,0,0,0,0,,0,,0,,0,,92,4,252
1239,麵包師傅在哪裡呢？,178,\n請製作千層麵包~,1,,145,16,0,0,0,0,0,1,5,2,1,132,2,136,250,0,0,0,0,0,,0,,0,,0,,92,4,252
1240,春植島卡片魔術師,592,\n喂！喂！梅花卡片在哪裡！？,1,,145,16,0,0,0,0,0,1,5,2,1,136,150,128,5,0,0,0,0,0,,0,,0,,0,,92,4,252
1241,餅乾花園探險家,239,\n探險家… 身體怎麼腫成這樣？,1,,145,16,0,0,0,0,0,1,5,2,1,128,5,132,2,0,0,0,0,0,,0,,0,,0,,92,4,252
1242,領主館客人,152,\n客人~ 今天的點心是薯條~,1,,145,16,0,0,0,0,0,1,5,2,1,128,5,456,1,0,0,0,0,0,,0,,0,,0,,92,4,252
1243,讀書的姿態,127,\n一頁一頁認真地閱讀呢？,1,,145,16,0,0,0,0,0,1,5,2,1,18,100,466,10,0,0,0,0,0,,0,,0,,0,,92,4,252
1244,紀念館管理者,69,\n今天開放時間要結束了！請明天再來！,1,,145,16,0,0,0,0,0,1,5,2,1,18,100,497,10,0,0,0,0,0,,0,,0,,0,,92,4,252
1245,甜甜的冰淇淋,561,\n有看過這麼大的冰淇淋嗎？,1,,145,16,0,0,0,0,0,1,5,2,1,466,20,465,2,0,0,0,0,0,,0,,0,,0,,92,4,252
1246,奉春植,246,\n奉！！春！！植！！,1,,145,16,0,0,0,0,0,1,5,2,1,455,100,465,2,0,0,0,0,0,,0,,0,,0,,92,4,252
1247,春,590,\n春春春春春春春！！,1,,145,16,0,0,0,0,0,1,5,2,1,455,100,465,2,0,0,0,0,0,,0,,0,,0,,92,4,252
1248,植,301,\n植植植植植植植！！！,1,,145,16,0,0,0,0,0,1,5,2,1,455,100,465,2,0,0,0,0,0,,0,,0,,0,,92,4,252
1249,帶來和平之者,114,\n惡魔們! 全部退散!,1,,145,16,0,0,0,0,0,1,5,2,1,462,2,461,2,0,0,0,0,0,,0,,0,,0,,92,4,252
1250,擁有神祕氣息之者,389,\n你真是神秘啊。,1,,145,16,0,0,0,0,0,1,5,2,1,462,3,461,3,0,0,0,0,0,,0,,0,,0,,92,4,252
1251,黑暗氣息,678,\n收回黑暗氣息!,1,,145,16,0,0,0,0,0,1,5,2,1,455,30,30,500,0,0,0,0,0,,0,,0,,0,,92,4,252
1252,火花氣息,665,\n收回火花氣息!,1,,145,16,0,0,0,0,0,1,5,2,1,455,30,30,500,0,0,0,0,0,,0,,0,,0,,92,4,252
1253,風之氣息,638,\n收回風之氣息!,1,,145,16,0,0,0,0,0,1,5,2,1,455,30,30,500,0,0,0,0,0,,0,,0,,0,,92,4,252
1254,寒冰氣息,644,\n收回寒冰氣息!,1,,145,16,0,0,0,0,0,1,5,2,1,455,30,30,500,0,0,0,0,0,,0,,0,,0,,92,4,252
1255,大地氣息,119,\n收回大地氣息!,1,,145,16,0,0,0,0,0,1,5,2,1,455,30,30,500,0,0,0,0,0,,0,,0,,0,,92,4,252
1256,我的拳頭更快吧！,350,\n嗖搜! 這可不是從我嘴裡發出來的聲音!,1,,145,16,0,0,0,0,0,1,5,2,1,106,20,465,1,0,0,0,0,0,,0,,0,,0,,92,4,252
1257,看見我的踢擊了嗎？,4,\n你剛剛已經被踢了352下。,1,,145,16,0,0,0,0,0,1,5,2,1,106,20,465,1,0,0,0,0,0,,0,,0,,0,,92,4,252
1258,競技場見習騎士,31,\n我是競技場見習騎士。,1,,145,16,0,0,0,0,0,1,5,2,1,492,1,38,1,0,0,0,0,0,,0,,0,,0,,92,4,252
1259,競技場中級騎士,34,\n我是競技場中級騎士。,1,,145,16,0,0,0,0,0,1,5,2,1,492,2,38,2,0,0,0,0,0,,0,,0,,0,,92,4,252
1260,競技場高級騎士,32,\n我是競技場高級騎士。,1,,145,16,0,0,0,0,0,1,5,2,1,492,2,38,2,0,0,0,0,0,,0,,0,,0,,92,4,252
1261,競技場大師,33,\n我是競技場大師。,1,,145,16,0,0,0,0,0,1,5,2,1,492,3,38,3,0,0,0,0,0,,0,,0,,0,,92,4,252
1262,春植島旅行者,591,來春植島吧~ 這裡很有看頭~,1,,145,16,0,0,0,0,0,1,5,2,1,456,10,461,30,464,10,0,0,0,,0,,0,,0,,233,14,101
1263,彩虹島物語新手,528,\n好~現在才是開始，為了實現夢想的彩虹島之旅！,1,,145,16,0,0,0,0,0,1,5,2,1,26,100,106,20,0,0,0,0,0,,0,,0,,0,,251,101,101
1264,還是有點生疏的冒險家,669,\n2次轉職達成！現在好像比較上手了！,1,,145,16,0,0,0,0,0,1,5,2,1,14,300,22,300,0,0,0,0,0,,0,,0,,0,,251,101,101
1265,暴風冒險家,636,\n現在有比較像冒險家了吧？,1,,145,16,0,0,0,0,0,1,5,2,1,455,300,464,10,0,0,0,0,0,,0,,0,,0,,251,101,101
1266,超級瑪琍初學者,575,\n玩到…有點煩吧…？,1,,145,16,0,0,0,0,22188,0,5,2,1,0,0,0,0,0,0,0,0,0,,0,,0,,0,,254,68,31
1267,超級瑪琍中級者,573,\n你有感受到耐心的極限嗎？,1,,145,16,0,0,0,0,22189,0,5,2,1,0,0,0,0,0,0,0,0,0,,0,,0,,0,,254,68,31
1268,超級瑪琍高級者,570,\n再一次！再一次就好！,1,,145,16,0,0,0,0,22190,0,5,2,1,0,0,0,0,0,0,0,0,0,,0,,0,,0,,254,68,31
1269,超級瑪琍最高級者,577,\n好…好像快要虛脫了！,1,,145,16,0,0,0,0,22191,0,5,2,1,0,0,0,0,0,0,0,0,0,,0,,0,,0,,254,68,31
1270,超級瑪琍傳說,572,你超越了耐心的極限！,1,,145,16,0,0,0,0,22192,0,5,2,1,0,0,0,0,0,0,0,0,0,,0,,0,,0,,254,68,31
1271,亞瑟絲徒弟,328,\n已完成亞瑟絲教官的基本訓練!,1,,145,16,0,0,0,0,0,1,5,2,1,0,0,0,0,0,0,0,0,0,,0,,0,,0,,118,230,118
1272,伊克納特徒弟,425,\n伊克納特教官.. 超帥!,1,,145,16,0,0,0,0,0,1,5,2,1,0,0,0,0,0,0,0,0,0,,0,,0,,0,,118,230,118
1273,瓊基恩徒弟,30,\n瓊基恩… 太嚴厲了!!,1,,145,16,0,0,0,0,0,1,5,2,1,0,0,0,0,0,0,0,0,0,,0,,0,,0,,118,230,118
1274,辛卓徒弟,311,\n辛卓教官超級熱情~!,1,,145,16,0,0,0,0,0,1,5,2,1,0,0,0,0,0,0,0,0,0,,0,,0,,0,,118,230,118
1275,琪拉徒弟,70,\n琪拉教官… 的年紀…？,1,,145,16,0,0,0,0,0,1,5,2,1,0,0,0,0,0,0,0,0,0,,0,,0,,0,,118,230,118
1276,西斯藍徒弟,275,\n西斯藍教官… 別睡了… 拜託..,1,,145,16,0,0,0,0,0,1,5,2,1,0,0,0,0,0,0,0,0,0,,0,,0,,0,,118,230,118
1277,索妮爾徒弟,273,\nHey~ Master~!?,1,,145,16,0,0,0,0,0,1,5,2,1,0,0,0,0,0,0,0,0,0,,0,,0,,0,,118,230,118
1278,西諾徒弟,274,\n你好，教官.. 那個.. 我…,1,,145,16,0,0,0,0,0,1,5,2,1,0,0,0,0,0,0,0,0,0,,0,,0,,0,,118,230,118
1279,青空城,562,\n青歐市殿的青就是青空城!,1,,145,16,0,0,0,0,0,1,5,2,1,0,0,0,0,0,0,0,0,0,,0,,0,,0,,199,201,249
1280,歐若拉的花園,57,\n青歐市殿的歐就是歐若拉的花園!,1,,145,16,0,0,0,0,0,1,5,2,1,0,0,0,0,0,0,0,0,0,,0,,0,,0,,199,201,249
1281,立佩拉市政府,167,\n青歐市殿的市就是立佩拉市政府!,1,,145,16,0,0,0,0,0,1,5,2,1,0,0,0,0,0,0,0,0,0,,0,,0,,0,,199,201,249
1282,神秘的殿堂,305,\n青歐市殿的殿就是神秘的殿堂!,1,,145,16,0,0,0,0,0,1,5,2,1,0,0,0,0,0,0,0,0,0,,0,,0,,0,,199,201,249
1283,扭曲的世界樹,95,\n青歐市殿被扭曲了!?!?,1,,145,16,0,0,0,0,0,1,5,2,1,0,0,0,0,0,0,0,0,0,,0,,0,,0,,199,201,249
1284,巧克力花園,52,\n躲去巧克力花園吧!!,1,,145,16,0,0,0,0,0,1,5,2,1,0,0,0,0,0,0,0,0,0,,0,,0,,0,,199,201,249
1285,玩家娛樂館稱號(時效制),392,2018彩虹島物語玩家娛樂館中獎的就是我稱號!,1,,180,16,0,0,0,0,18984,0,5,2,1,456,5,464,10,465,5,461,10,0,,0,,0,,0,,199,201,249
1286,玩家娛樂館稱號,391,2018彩虹島物語玩家娛樂館中獎的就是我稱號!,1,,145,16,0,0,0,0,18984,0,5,2,1,0,0,0,0,0,0,0,0,0,,0,,0,,0,,199,201,249
1287,★腦門??★,701,\n只有梅柳玩家才能使用的特別稱號!!\n\n效果只會套用到 2018年 12月 12日例行維護前為止~!,1,,145,16,0,0,0,0,0,1,5,2,1,0,0,0,0,0,0,0,0,0,,0,,0,,0,,144,252,228
1288,★LATALE CUP★,696,\n大韓民國加油！！！加油加油∼,1,,145,16,0,0,0,0,17430,0,5,2,1,0,0,0,0,0,0,0,0,0,,0,,0,,0,,0,0,0
1289,SUMMER FESTIVAL,811,適合真心享受彩虹島物語夏季慶典的家人！,1,,145,16,0,0,0,0,0,1,5,2,1,0,0,0,0,0,0,0,0,0,,0,,0,,0,,251,101,101
1290,Happy Birthday,765,\n彩虹島物語生日快樂~!,1,,145,16,0,0,0,0,0,1,5,2,1,0,0,0,0,0,0,0,0,0,,0,,0,,0,,251,101,101
1291,我愛玩家,348,,1,,145,16,0,0,0,0,0,1,5,2,1,0,0,0,0,0,0,0,0,0,,0,,0,,0,,251,101,101
1292,DarkChaser,751,\n只有購買黑暗追擊者綜合禮包的玩家才能獲得的!\n黑暗追擊者英文稱號!,1,,145,16,0,0,0,0,0,1,5,2,1,0,0,0,0,0,0,0,0,0,,0,,0,,0,,240,89,187
1293,黑暗追擊者,679,\n4轉職業王者!! 我是彩虹島物語的黑暗追擊者!,1,,145,16,0,0,0,0,21641,0,5,2,1,0,0,0,0,0,0,0,0,0,,0,,0,,0,,240,89,187
1294,SURVIVAL勝利者,814,\n我是生存勝利者! Oh~ Yeah~,1,,145,16,0,0,0,0,0,1,5,2,1,456,12,31,12,464,12,461,12,0,,0,,0,,0,,51,51,204
1295,彩虹島生日快樂！,529,\n彩虹島物語生日紀念稱號,1,,145,16,0,0,0,0,0,1,5,2,1,0,0,0,0,0,0,0,0,0,,0,,0,,0,,51,51,204
1296,海賊熊稱號(30日),648,\n假裝無心但心地善良的海賊熊稱號,1,,145,16,0,0,0,0,20735,0,5,2,1,465,5,464,10,128,50,124,100,0,,0,,0,,0,,255,0,0
1297,海賊熊稱號[永久制],649,\n假裝無心但心地善良的海賊熊稱號,1,,145,16,0,0,0,0,20735,0,5,2,1,0,0,0,0,0,0,0,0,0,,0,,0,,0,,255,0,0
1298,鈕扣兔稱號(30日),99,\n雖然常常在發呆~但是很可愛的鈕扣兔,1,,145,16,0,0,0,0,20734,0,5,2,1,465,5,464,10,128,50,124,100,0,,0,,0,,0,,255,0,0
1299,鈕扣兔稱號,98,\n雖然常常在發呆~但是很可愛的鈕扣兔,1,,145,16,0,0,0,0,20734,0,5,2,1,0,0,0,0,0,0,0,0,0,,0,,0,,0,,255,0,0
1300,潛水中(30日),436,\n玩家募集展中中獎的潛水中FX稱號,1,,145,16,0,0,0,0,19161,0,5,2,1,465,5,464,10,128,50,124,100,0,,0,,0,,0,,245,39,230
1301,光復節,50,\n不要忘記光復節!,1,,145,16,0,0,0,0,0,1,5,2,1,455,815,464,8,124,100,128,50,0,,0,,0,,0,,255,0,0
1302,突變薑餅人殺手,128,\n成為突變薑餅人殺手!,1,,180,16,0,0,0,0,0,1,5,2,1,106,10,30,150,0,0,0,0,0,,0,,0,,0,,92,4,252
1303,魯曼聯盟初級戰士,158,\n繼續接收初級戰士的韌氣吧!,1,,145,16,0,0,0,0,0,1,5,2,1,466,10,465,1,0,0,0,0,0,,0,,0,,0,,92,4,252
1304,魯曼聯盟中級戰士,157,\n燃燒中級戰士的鬥志吧!,1,,145,16,0,0,0,0,0,1,5,2,1,466,10,465,1,0,0,0,0,0,,0,,0,,0,,92,4,252
1305,魯曼聯盟高級戰士,156,\n喚醒高級戰士的覺悟吧!,1,,145,16,0,0,0,0,0,1,5,2,1,466,10,465,1,0,0,0,0,0,,0,,0,,0,,92,4,252
1306,★卡茲諾的朋友★,710,\n彩虹島物語玩家全都是卡茲諾的朋友~★,1,,145,16,0,0,0,0,22146,0,5,2,1,465,4,461,6,0,0,0,0,0,,0,,0,,0,,222,146,27
1307,★穆亞的朋友★,704,\n彩虹島物語玩家全都是穆亞的朋友~★,1,,145,16,0,0,0,0,22147,0,5,2,1,465,4,461,6,0,0,0,0,0,,0,,0,,0,,222,146,27
1308,★黑月公主的朋友★,712,\n彩虹島物語玩家全都是黑月公主的朋友~★,1,,145,16,0,0,0,0,22148,0,5,2,1,465,4,461,6,0,0,0,0,0,,0,,0,,0,,222,146,27
1309,★範繼宇的朋友★,705,\n彩虹島物語玩家全都是範繼宇的朋友~★,1,,145,16,0,0,0,0,22149,0,5,2,1,465,4,461,6,0,0,0,0,0,,0,,0,,0,,222,146,27
1310,海洋探險家,647,\n為了海洋探險家的特別稱號!,1,,145,16,0,0,0,0,0,1,5,2,1,456,5,461,50,462,50,464,30,0,,0,,0,,0,,45,45,255
1311,潛水中,435,\n2018年玩家募集展當選稱號!恭喜當選!,1,,145,16,0,0,0,0,19161,0,5,2,1,0,0,0,0,0,0,0,0,0,,0,,0,,0,,245,39,230
1312,邪念的巨靈克利爾,258,\n充滿邪念的氣息…,1,,145,16,0,0,0,0,0,1,5,2,1,448,5,461,5,0,0,0,0,0,,0,,0,,0,,92,4,252
1313,邪念的巨靈克拉卡,257,\n感覺陷入邪念的漩渦中。,1,,145,16,0,0,0,0,0,1,5,2,1,448,10,461,5,0,0,0,0,0,,0,,0,,0,,92,4,252
1314,邪念的奧賽里諾,260,\n這討厭的邪念!,1,,145,16,0,0,0,0,0,1,5,2,1,448,15,461,10,0,0,0,0,0,,0,,0,,0,,92,4,252
1315,邪念暴走的愛麗絲,261,\n呃啊啊啊!!!邪念暴走了啊啊!!,1,,145,16,0,0,0,0,0,1,5,2,1,448,20,461,10,0,0,0,0,0,,0,,0,,0,,92,4,252
1316,邪念的厄運,259,\n成為邪念的完整體了.. 呼呼呼..,1,,145,16,0,0,0,0,0,1,5,2,1,448,25,461,15,0,0,0,0,0,,0,,0,,0,,92,4,252
1317,彩虹島守護者,530,\n彩虹島守護者，很高興見到你!,1,,145,16,0,0,0,0,0,1,5,2,1,464,25,455,2000,0,0,0,0,81002651,攻擊時低機率發動所有能力值5%,81002653,,0,,0,,201,157,93
1318,心理戰達人,312,\n嗚喔~ 心理戰的達人~ 耶耶~,1,,145,16,0,0,0,0,0,1,5,2,1,0,0,0,0,0,0,0,0,0,,0,,0,,0,,190,207,242
1319,銀河(30日),421,\n擁有夜空宇宙魅力的銀河,1,,145,16,0,0,0,0,19345,0,5,2,1,465,5,464,10,128,50,124,100,0,,0,,0,,0,,204,0,204
1320,銀河,420,\n擁有夜空宇宙魅力的銀河,1,,145,16,0,0,0,0,19345,0,5,2,1,0,0,0,0,0,0,0,0,0,,0,,0,,0,,204,0,204
1321,2019 HAPPY NEW YEAR(30日),721,\n2019年已亥年是充滿幸運的一年~!,1,,145,16,0,0,0,0,19331,0,5,2,1,465,4,464,10,456,2,124,30,15003885,物理爆擊效果: 物理爆擊傷害增加200%,15003887,魔法爆擊效果: 魔法爆擊效果增加200%,0,,0,,255,232,161
1322,每週挑戰征服者[初級],174,\n給予初級難度每週挑戰征服者的稱號,1,,145,16,0,0,0,0,22162,0,5,2,1,124,15,456,1,106,5,0,0,0,,0,,0,,0,,133,253,212
1323,每週挑戰征服者[中級],173,\n給予中級難度每週挑戰征服者的稱號,1,,145,16,0,0,0,0,22163,0,5,2,1,124,30,456,2,106,10,0,0,0,,0,,0,,0,,133,253,212
1324,每週挑戰征服者[高級],172,\n給予高級難度每週挑戰征服者的稱號,1,,145,16,0,0,0,0,22164,0,5,2,1,124,45,456,3,106,15,0,0,0,,0,,0,,0,,133,253,212
1325,每週挑戰大師,171,\n給予所有難度每週挑戰征服者的稱號,1,,145,16,0,0,0,0,19402,0,5,2,1,124,70,456,4,106,20,0,0,0,,0,,0,,0,,133,253,212
1326,金字塔的冒險家,76,\n給予進行法老冒險玩家的稱號!,1,,145,16,0,0,0,0,0,1,5,2,1,0,0,0,0,0,0,0,0,0,,0,,0,,0,,0,0,0
1327,Sweet Monster,815,和甜甜的怪物們一起朝向彩虹島無限的魅力之中Go Go Go~,1,,145,16,0,0,0,0,18899,0,5,2,1,465,4,464,10,0,0,0,0,0,,0,,0,,0,,245,39,230
1328,Party in the LATALE,798,\n歡迎來到彩虹島派對的各位玩家們~,1,,145,16,0,0,0,0,19495,0,5,2,1,456,5,461,10,464,10,465,5,0,,0,,0,,0,,233,14,101
1329,Party in the LATALE,799,\n歡迎來到彩虹島派對的各位玩家們~,1,,145,16,0,0,0,0,19495,0,5,2,1,0,0,0,0,0,0,0,0,0,,0,,0,,0,,233,14,101
1330,鈕扣貓稱號(30日),97,\n雖然看起來挑剔，但其實很可愛的鈕扣貓,1,,145,16,0,0,0,0,20813,0,5,2,1,465,5,464,10,128,50,124,100,0,,0,,0,,0,,255,0,0
1331,鈕扣貓稱號,96,\n雖然看起來挑剔，但其實很可愛的鈕扣貓,1,,145,16,0,0,0,0,20813,0,5,2,1,0,0,0,0,0,0,0,0,0,,0,,0,,0,,255,0,0
2401,涼拌小章魚,147,涼拌小章魚很美味呢。您要不要也嚐一口？,1,,145,16,0,0,0,0,0,1,5,2,1,30,400,94,5,102,5,0,0,14010001,小章魚繩索：[組隊] 自身與隊友的「HP」增加400,0,,0,,0,,0,0,255
2402,辣炒小章魚,140,小章魚還是用炒的最好吃啦！這是為了喜愛小章魚的您設立的稱號！,1,,145,16,0,0,0,0,0,1,5,2,1,30,400,162,10,156,10,0,0,14010001,小章魚繩索：[組隊] 自身與隊友的「HP」增加400,0,,0,,0,,0,0,255
2501,暴風監視者新手,635,賦予新加入暴風監視者的人的稱號。,1,,145,16,0,0,0,0,22152,0,5,2,1,94,10,102,10,30,500,0,0,14010003,"效果 : 被攻擊時,以一定的機率增加物理與魔法最大傷害10%(2分)",14010005,,0,,0,,133,253,212
2601,無限迴廊新手,191,這是賦予剛入門學習無限迴廊的人的稱號。,1,,145,16,0,0,0,0,22153,0,5,2,1,156,15,162,15,30,500,0,0,14010007,"效果 : 被攻擊時,以一定的機率增加物理與魔法爆擊率2%(2分)",14010009,,0,,0,,133,253,212
2701,圖書館愛好者,124,給貝爾法圖書館愛好者們的稱號。,1,,145,16,0,0,0,0,22154,0,5,2,1,176,8,180,8,30,500,0,0,14010011,"效果 : 被攻擊時,以一定的機率增加物理與魔法爆擊率5%(1分)",14010013,,0,,0,,133,253,212
2801,銀色爪子,417,賦予歷史屬於銀色爪子的人的稱號。,1,,145,16,0,0,0,0,22155,0,5,2,1,184,8,188,8,30,500,0,0,14010015,效果 : 在被攻擊時以一定的機率增加3%防禦力 (5分),0,,0,,0,,133,253,212
9961,??? ???_21 ??10_2Q,224,??? ???_21 ??8,1,,145,16,0,0,0,0,0,1,5,2,1,455,550000,464,4100,462,2000,461,4000,71000811,"150? hp-??,??,??15",71000760,??? 94% ?? + ?? 12?,71000812,?? ???? 110% +7100/???48?,0,,186,0,255
9962,??? ???_21 ??9_??,232,??? ???_21 ??8,1,,145,16,0,0,0,0,0,1,5,2,1,455,500000,464,4100,462,2000,461,3800,71000810,"150? hp-??,??,??15",71000760,??? 94% ?? + ?? 12?,71000813,?? ???? 110% +7100/???48?,0,,186,0,255
9971,??? ???_?????,235,??? ???_?????,1,,145,16,0,0,0,0,0,1,5,2,1,466,1000,465,1000,464,1000,463,50,99001160,????????? (??? ???_?????),99001161,???????(??? ???_?????),99001162,???????/?????(??? ???_?????),99001163,?????/??(??? ???_?????),255,255,183
9972,??? ???_?????,234,??? ???_?????,1,,145,16,0,0,0,0,0,1,5,2,1,464,1500,465,50,461,30000,440,800,0,,0,,0,,0,,255,255,183
9973,??? ???_?????,237,??? ???_?????,1,,145,16,0,0,0,0,0,1,5,2,1,466,1000,86,99,30,4000000,440,800,99001158,????+??/??? 600 (??? ???_???),0,,0,,0,,255,255,183
9974,??? ???_?????,236,??? ???_?????,1,,145,16,0,0,0,0,0,1,5,2,1,466,1000,86,50,30,4000000,496,1000000,99001158,????+??/??? 600 (??? ???_???),99001157,??/????? 30000 (??? ???_?????),0,,0,,255,255,183
9963,??? ???_21 ??8( ??? ),231,??? ???_21 ??8( ??? ),1,,145,16,0,0,0,0,0,1,5,2,1,455,370000,464,4000,462,900,461,3200,71000758,??? 150? hp ??,71000760,??? 94% ??,71000759,?? ???? 110% +3300,0,,186,0,255
9964,??? ???_21 ??7,230,??? ???_21 ??7,1,,145,16,0,0,0,0,0,1,5,2,1,455,370000,464,4000,462,900,461,2200,71000620,??? 150? hp ??,99001155,??? 94% ??,71000722,?? ???? 110% +5800/???40?,0,,186,0,255
9965,??? ???_21 ??6,229,??? ???_21 ??6,1,,145,16,0,0,0,0,0,1,5,2,1,455,250000,464,4000,462,900,461,2200,71000620,??? 150? hp ??,99001155,??? 94% ??,71000621,?? ???? 110% +3300,0,,186,0,255
9966,??? ???_21 ??5,228,??? ???_21 ??3,1,,145,16,0,0,0,0,0,1,5,2,1,455,230000,464,3500,462,850,461,2000,71000565,80? HP,99001155,?? ???/??? 75% ??,99001166,?? ??? 25% +5000,0,,186,0,255
9967,??? ???_21 ??4,227,??? ???_21 ??3,1,,145,16,0,0,0,0,0,1,5,2,1,455,200000,464,3200,462,850,461,2000,71000565,80? HP,99001155,?? ???/??? 75% ??,99001166,?? ??? 25% +5000,0,,186,0,255
9969,??? ???_21 ??3,226,??? ???_21 ??3,1,,145,16,0,0,0,0,0,1,5,2,1,455,170000,464,2700,462,850,461,1800,99001156,80? HP,99001155,?? ???/??? 75% ??,99001166,?? ??? 25% +5000,0,,186,0,255
9970,??? ???_21 ??2,225,??? ???_21 ??2,1,,145,16,0,0,0,0,0,1,5,2,1,455,120000,464,2200,462,850,461,1800,99001156,80? HP,99001155,?? ???/??? 75% ??,99001165,?? ??? 25% +3000,0,,186,0,255
9968,平衡測試_22稻草人,625,平衡測試_21稻草人,1,,145,16,0,0,0,0,0,1,5,2,1,455,250000,464,4000,462,4000,461,2200,71000620,80? HP,99001155,?? ???/??? 75% ??,71000621,????? 20% + 5000,71000645,?? ??? 20%+ 5000,186,0,255
9975,??? ???_21 ????,233,??? ???_21 ????,1,,145,16,0,0,0,0,0,1,5,2,1,455,100000,464,1850,462,4000,461,1400,99001156,80? HP,99001155,?? ???/??? 75% ??,99001166,????? 20% + 1500,0,?? ??? 20%+ 1500,186,0,255
9976,??? ???_21 ??,223,??? ???_21 ??,1,,145,16,0,0,0,0,0,1,5,2,1,455,100000,464,1850,462,850,461,1400,99001156,80? HP,99001155,?? ???/??? 75% ??,99001159,????? 20% + 1500,99001150,?? ??? 20%+ 1500,186,0,255
9977,??? ???_?????,238,??? ???_?????,1,,145,16,0,0,0,0,0,1,5,2,1,455,150000,464,1850,462,4000,461,1400,99001156,80? HP,99001155,?? ???/??? 75% ??,99001149,????? 20% + 1500,99001150,?? ??? 20%+ 1500,186,0,255
9978,??? ???_20,222,??? ???_20,1,,145,16,0,0,0,0,0,1,5,2,1,455,85000,464,1700,462,650,461,800,71000275,80? HP,99001138,?? ???/??? 75% ??,99001149,????? 20% + 1500,99001150,?? ??? 20%+ 1500,255,255,183
9979,??? ???_19,221,??? ???_19,1,,145,16,0,0,0,0,0,1,5,2,1,455,85000,464,1700,462,650,461,800,81001751,???? ?? 20%,99001138,?? ???/??? 75% ??,99001149,????? 20% + 1500,99001150,?? ??? 20%+ 1500,255,255,183
9980,??? ???_18,220,??? ???_18,1,,145,16,0,0,0,0,0,1,5,2,1,455,75000,464,1200,462,650,461,800,81001751,爆擊率 20%,99001138,目標防禦力/扺抗力減少 75%,99001147,武器攻擊力 20% + 1500,99001148,所有屬性 20%+ 1500,255,255,183
9981,??? ???_17,219,??? ???_17,1,,145,16,0,0,0,0,0,1,5,2,1,455,64000,464,1000,462,650,461,650,81001751,爆擊率 20%,99001138,目標防禦力/扺抗力減少 75%,99001147,武器攻擊力 10%,99001148,所有屬性 10%,255,255,183
9982,??? ???_16,218,??? ???_16,1,,145,16,0,0,0,0,0,1,5,2,1,455,64000,464,800,462,250,461,500,81001751,爆擊率 20%,99001138,目標防禦力/扺抗力減少 75%,99001147,武器攻擊力 10%,99001148,所有屬性 10%,255,255,183
9983,??? ???_15,217,??? ???_15,1,,145,16,0,0,0,0,0,1,5,2,1,455,54000,464,700,462,250,461,350,81001751,爆擊率 20%,99001138,目標防禦力/扺抗力減少 75%,99001139,武器攻擊力 10%,99001140,所有屬性 10%,255,255,183
9984,??? ???_14,216,??? ???_14,1,,145,16,0,0,0,0,0,1,5,2,1,455,24000,464,700,462,250,461,350,81001751,爆擊率 20%,99001138,目標防禦力/扺抗力減少 75%,99001139,武器攻擊力 10%,99001140,所有屬性 10%,255,255,183
9985,??? ???_13,215,??? ???_13,1,,145,16,0,0,0,0,0,1,5,2,1,455,18000,464,700,462,250,461,350,81001751,爆擊率 20%,99001138,目標防禦力/扺抗力減少 75%,99001139,武器攻擊力 10%,99001140,所有屬性 10%,255,255,183
9986,??? ???_12,214,??? ???_12,1,,145,16,0,0,0,0,0,1,5,2,1,455,18000,464,600,462,200,461,300,81001751,爆擊率 20%,99001138,目標防禦力/扺抗力減少 75%,99001139,武器攻擊力 10%,99001140,所有屬性 10%,255,255,183
9987,平衡測試_11,623,??? ???_11,1,,145,16,0,0,0,0,0,1,5,2,1,455,18000,464,500,462,150,461,250,81001751,爆擊率 20%,99001138,目標防禦力/扺抗力減少 75%,99001139,武器攻擊力 10%,99001140,所有屬性 10%,255,255,183
9988,平衡測試_10,622,??? ???_10,1,,145,16,0,0,0,0,0,1,5,2,1,455,15000,464,450,462,150,461,250,99001137,爆擊率 20%,99001138,目標防禦力/扺抗力減少 75%,99001139,武器攻擊力 10%,99001140,所有屬性 10%,255,255,183
9989,平衡測試_9,633,??? ???_9,1,,145,16,0,0,0,0,0,1,5,2,1,455,11000,464,400,462,150,461,250,99001137,爆擊率 20%,99001138,目標防禦力/扺抗力減少 100%,99001139,武器攻擊力 10%,99001140,所有屬性 10%,255,255,183
9990,平衡測試,620,??? ????,1,,145,16,0,0,0,0,0,1,5,2,1,30,2000000,34,1000000,86,99,0,0,99001153,????+?? 600,0,,0,,0,,255,255,183
9991,平衡測試_8,632,??? ???_8,1,,145,16,0,0,0,0,0,1,5,2,1,455,7000,464,400,462,150,461,250,99001137,爆擊率 20%,99001138,目標防禦力/扺抗力減少 100%,99001139,武器攻擊力 10%,99001140,所有屬性 10%,255,255,183
9992,平衡測試_7,630,??? ???_7,1,,145,16,0,0,0,0,0,1,5,2,1,455,2500,464,400,462,150,461,250,99001137,爆擊率 20%,99001138,目標防禦力/扺抗力減少 100%,99001139,所有攻擊力 10%,99001140,所有屬性 10%,255,255,183
9993,平衡測試_7(魔法用),631,??? ???_7 (???),1,,145,16,0,0,0,0,0,1,5,2,1,455,2500,162,250,98,125,102,200,0,魔法爆擊率 16%,99001136,目標扺抗力減少 60%,0,,0,,255,255,183
9994,平衡測試_6,629,??? ???_6,1,,145,16,0,0,0,0,0,1,5,2,1,455,2500,464,250,462,125,461,200,99001133,爆擊率 16%,99001134,目標防禦力/扺抗力減少 60%,0,,0,,255,255,183
9995,平衡測試_5,628,??? ???_5,1,,145,16,0,0,0,0,0,1,5,2,1,455,2500,464,200,462,100,461,170,99001133,爆擊率 16%,99001134,目標防禦力/扺抗力減少 60%,0,,0,,255,255,183
9996,平衡測試_4,627,??? ???_4,1,,145,16,0,0,0,0,0,1,5,2,1,455,700,162,100,98,40,102,70,0,,0,,0,,0,,255,255,183
9997,平衡測試_3,626,??? ???_3,1,,145,16,0,0,0,0,0,1,5,2,1,455,2000,464,140,462,60,461,140,0,,0,,0,,0,,255,255,183
9998,平衡測試_1,621,??? ???_1,1,,145,16,0,0,0,0,0,1,5,2,1,455,300,464,50,462,20,461,35,0,,0,,0,,0,,255,255,183
9999,平衡測試_2,624,??? ???_2,1,,145,16,0,0,0,0,0,1,5,2,1,455,1000000,464,1000,462,30000,461,30000,99001151,"??, ?? ??? +1000, ??/?? ??? (??? ???)",99001152,???? ?? 100% + ?? ??? ?? (??? ???),99001153,????+?? 600,99001154,??? ?? 50,255,255,183
1332,JEWEL STAR(30日),775,\n閃閃發光的JEWEL STAR!!,1,,145,16,0,0,0,0,19496,0,5,2,1,465,5,464,10,128,50,124,100,0,,0,,0,,0,,255,0,0
1333,沙漠冒險家,262,\n猶忒王國也很有名的冒險家,1,,145,16,0,0,0,0,0,1,5,2,1,455,150,465,1,106,5,0,0,0,,0,,0,,0,,92,4,252
1334,拉的城堡征服者,141,\n賦予征服拉的城堡之英雄的稱號,1,,145,16,0,0,0,0,0,1,5,2,1,455,150,465,2,106,5,0,0,0,,0,,0,,0,,92,4,252
1335,安息之地挑戰者,355,\n為不斷挑戰安息之地的冒險家加油,1,,145,16,0,0,0,0,0,1,5,2,1,455,150,465,2,106,10,0,0,0,,0,,0,,0,,92,4,252
1336,塔爾達洛斯的黑暗,602,\n知道塔爾達洛斯的黑暗真相者,1,,145,16,0,0,0,0,0,1,5,2,1,464,5,465,1,461,1,0,0,0,,0,,0,,0,,92,4,252
1337,地下工地冒險家,503,\n塔爾達洛斯也很有名的冒險家,1,,145,16,0,0,0,0,0,1,5,2,1,464,5,465,1,461,5,0,0,0,,0,,0,,0,,92,4,252
1338,超人紀念館征服者,583,\n賦予征服超人紀念館之英雄的稱號,1,,145,16,0,0,0,0,0,1,5,2,1,464,10,465,2,461,5,0,0,0,,0,,0,,0,,92,4,252
1339,地獄房間挑戰者,502,\n為不斷挑戰地獄房間的冒險家加油,1,,145,16,0,0,0,0,0,1,5,2,1,464,10,465,2,461,15,0,0,0,,0,,0,,0,,92,4,252
1340,JEWEL STAR,774,\n閃閃發光的JEWEL STAR!!,1,,145,16,0,0,0,0,19496,0,5,2,1,0,0,0,0,0,0,0,0,0,,0,,0,,0,,255,0,0
1341,寶石之星,244,\n4轉職業王者!! 我是彩虹島物語的寶石之星!,1,,145,16,0,0,0,0,21652,0,5,2,1,0,0,0,0,0,0,0,0,0,,0,,0,,0,,240,89,187
1342,考古學家,39,\n我現在也是正式的考古學家了!,1,,145,16,0,0,0,0,0,1,5,2,1,14,200,22,200,0,0,0,0,0,,0,,0,,0,,92,4,252
1343,我是偶像明星！,339,,1,,145,16,0,0,0,0,0,1,5,2,1,465,5,464,10,124,100,0,0,0,,0,,0,,0,,251,101,101
1344,今年我四歲！,65,,1,,145,16,0,0,0,0,0,1,5,2,1,464,13,0,0,0,0,0,0,0,,0,,0,,0,,251,101,101
1345,成為我的支柱,280,,1,,145,16,0,0,0,0,0,1,5,2,1,466,13,0,0,0,0,0,0,0,,0,,0,,0,,251,101,101
1346,彩虹島物語四周年紀念,527,,1,,145,16,0,0,0,0,0,1,5,2,1,461,13,0,0,0,0,0,0,0,,0,,0,,0,,251,101,101
1347,愛麗絲陣營,361,\n彩虹島物語的起源─愛麗絲陣營,1,,145,16,0,0,0,0,19742,0,5,2,1,0,0,0,0,0,0,0,0,0,,0,,0,,0,,255,0,0
1348,愛麗絲陣營(30日),362,\n彩虹島物語的起源─愛麗絲陣營,1,,145,16,0,0,0,0,19742,0,5,2,1,465,5,464,10,128,50,124,100,0,,0,,0,,0,,255,0,0
1349,女神的劊子手,92,\n為了英雄，塔爾達洛斯的麥爾比克所提出的稱號,1,,145,16,0,0,0,0,0,1,5,2,1,465,1,461,1,466,10,0,0,0,,0,,0,,0,,92,4,252
1350,攀越怪物樹山林,204,\n給攀越怪物樹山林的你。,1,,145,16,0,0,0,0,0,1,5,2,1,465,1,461,5,466,10,0,0,0,,0,,0,,0,,92,4,252
1351,山谷探險,267,\n探險新地方的心情,1,,145,16,0,0,0,0,0,1,5,2,1,465,2,461,5,466,10,0,0,0,,0,,0,,0,,92,4,252
1352,為了戰士的祈禱,412,\n願逝者歸於塵土。,1,,145,16,0,0,0,0,0,1,5,2,1,465,2,461,15,466,10,0,0,0,,0,,0,,0,,92,4,252
1353,神龍之信任,303,\n賦予具有馴服召喚獸卡勒迪安資格者的稱號,1,,145,16,0,0,0,0,22174,0,5,2,1,455,150,465,3,0,0,0,0,0,,0,,0,,0,,255,255,0
1354,完美掌握人工智慧！,393,\n賦予具有馴服召喚獸依萊佳資格者的稱號,1,,145,16,0,0,0,0,22175,0,5,2,1,455,150,465,3,0,0,0,0,0,,0,,0,,0,,255,255,0
1355,嘮叨鬼寶物的朋友,155,\n賦予具有馴服召喚獸星願羽翼資格者的稱號,1,,145,16,0,0,0,0,22176,0,5,2,1,455,150,465,3,0,0,0,0,0,,0,,0,,0,,255,255,0
1356,高傲惡魔的信賴,43,\n賦予具有馴服召喚獸貝雅蒂彩資格者的稱號,1,,145,16,0,0,0,0,22177,0,5,2,1,455,150,465,3,0,0,0,0,0,,0,,0,,0,,255,255,0
1357,金錢就是一切，耶比！,78,\n賦予具有馴服召喚獸富翁耶比資格者的稱號,1,,145,16,0,0,0,0,22178,0,5,2,1,455,150,128,5,0,0,0,0,0,,0,,0,,0,,255,255,0
1358,交流的證據,53,\n賦予具有馴服召喚獸悠尼亞資格者的稱號,1,,145,16,0,0,0,0,22179,0,5,2,1,455,150,465,3,0,0,0,0,0,,0,,0,,0,,255,255,0
1359,彩虹島人氣王(30日),535,"\n2019年玩家募集展獲選稱號!\n""用點心""玩家的設計!\n你就是真正的彩虹島人氣王!",1,,145,16,0,0,0,0,19871,0,5,2,1,465,5,464,10,128,50,124,100,0,,0,,0,,0,,245,39,230
1360,彩虹島人氣王,534,\n2019年玩家募集展獲選稱號! 恭喜你!,1,,145,16,0,0,0,0,19871,0,5,2,1,0,0,0,0,0,0,0,0,0,,0,,0,,0,,245,39,230
1361,菜鳥獵人,520,\n只是努力地狩獵而已。,1,,145,16,0,0,0,0,22610,0,5,2,1,586,5,496,100,0,0,0,0,0,,0,,0,,0,,133,253,212
1362,初級獵人,569,\n只是努力地狩獵而已。,1,,145,16,0,0,0,0,22166,0,5,2,1,586,10,496,200,0,0,0,0,0,,0,,0,,0,,133,253,212
1363,中級獵人,493,\n只是努力地狩獵而已。,1,,145,16,0,0,0,0,22167,0,5,2,1,586,15,496,300,0,0,0,0,0,,0,,0,,0,,133,253,212
1364,高級獵人,40,\n只是努力地狩獵而已。,1,,145,16,0,0,0,0,22168,0,5,2,1,586,20,496,400,0,0,0,0,0,,0,,0,,0,,133,253,212
1365,Cute Heart(30日),750,\n可愛的愛心砰砰砰,1,,145,16,0,0,0,0,19872,0,5,2,1,465,5,464,10,128,50,124,100,15003885,物理爆擊效果: 物理爆擊傷害增加200%,15003887,魔法爆擊效果: 魔法爆擊效果增加200%,0,,0,,255,0,0
1366,Cute Heart,749,\n可愛的愛心砰砰砰,1,,145,16,0,0,0,0,19872,0,5,2,1,0,0,0,0,0,0,0,0,0,,0,,0,,0,,255,0,0
1367,與蓋亞的約定,378,\n約定好總有一天與女神再次相見,1,,145,16,0,0,0,0,0,1,5,2,1,461,1,466,5,464,5,0,0,0,,0,,0,,0,,92,4,252
1368,愛麗絲的不安,360,\n現在愛麗絲害怕的是什麼?,1,,145,16,0,0,0,0,0,1,5,2,1,461,2,466,5,464,5,0,0,0,,0,,0,,0,,92,4,252
1369,亞德利卡的噩夢,321,\n了解到遺留在幻影大地的痛苦。,1,,145,16,0,0,0,0,0,1,5,2,1,461,5,466,10,464,5,0,0,0,,0,,0,,0,,92,4,252
1370,完走龍峽谷,396,\n努力在幻影大地亞德利卡和龍峽谷中奔走。,1,,145,16,0,0,0,0,0,1,5,2,1,461,5,466,10,464,10,0,0,0,,0,,0,,0,,92,4,252
1371,來自神的處所,146,\n為了珍惜神之樹拉法爾的神的使者。,1,,145,16,0,0,0,0,0,1,5,2,1,461,15,466,10,464,10,0,0,0,,0,,0,,0,,92,4,252
1372,Merry Christmas！(30日),793,\n彩虹島物語聖誕節快樂!!! 幸福的聖誕節就和彩虹島物語一起度過~,1,,145,16,0,0,0,0,17297,0,5,2,1,465,4,464,10,456,2,124,30,15003885,物理爆擊效果: 物理爆擊傷害增加200%,15003887,魔法爆擊效果: 魔法爆擊效果增加200%,0,,0,,240,65,52
1373,Merry Christmas！,792,\n彩虹島物語聖誕節快樂!!! 幸福的聖誕節就和彩虹島物語一起度過~,1,,145,16,0,0,0,0,17297,0,5,2,1,0,0,0,0,0,0,0,0,0,,0,,0,,0,,240,65,52
1374,有一位朋友的,414,\n去到哪裡可能都不會聽見人家問說有沒有朋友。,1,,145,16,0,0,0,0,0,1,5,2,1,192,10,0,0,0,0,0,0,0,,0,,0,,0,,0,0,0
1375,真有福氣,515,\n要去哪裡喝杯茶聊聊天嗎?,1,,145,16,0,0,0,0,0,1,5,2,1,132,7,0,0,0,0,0,0,0,,0,,0,,0,,0,0,0
1376,推銷王,589,\n好像找到了我擅長的事情。,1,,145,16,0,0,0,0,0,1,5,2,1,106,10,128,15,0,0,0,0,0,,0,,0,,0,,0,0,0
1377,2020 HAPPY NEW YEAR(30日),723,\n2020年庚子年是充滿幸運的一年~!,1,,145,16,0,0,0,0,19959,0,5,2,1,465,4,464,10,456,2,124,30,15003885,物理爆擊效果: 物理爆擊傷害增加200%,15003887,魔法爆擊效果: 魔法爆擊效果增加200%,0,,0,,255,232,161
1378,2020 HAPPY NEW YEAR,722,\n2020年庚子年是充滿幸運的一年~!,1,,145,16,0,0,0,0,19959,0,5,2,1,0,0,0,0,0,0,0,0,0,,0,,0,,0,,255,232,161
1379,YOMI(30日),832,\n只要看著小松鼠的YOMI就很幸福~,1,,145,16,0,0,0,0,20097,0,5,2,1,465,5,464,10,128,50,124,100,15003885,物理爆擊效果: 物理爆擊傷害增加200%,15003887,魔法爆擊效果: 魔法爆擊效果增加200%,0,,0,,255,0,0
1380,YOMI,831,\n只要看著小松鼠的YOMI就很幸福~,1,,145,16,0,0,0,0,20097,0,5,2,1,0,0,0,0,0,0,0,0,0,,0,,0,,0,,255,0,0
1381,房內混沌的旅行者,208,\n恭喜征★★★服彩虹島大陸 !,1,,145,16,0,0,0,0,0,1,5,2,1,124,100,455,50,0,0,0,0,15003914,物理爆擊效果: 物理爆擊傷害增加100%,15003916,魔法爆擊效果: 魔法爆擊效果增加100%,0,,0,,156,162,244
1382,又一個線索,403,\n也許這不是結束。,1,,145,16,0,0,0,0,0,1,5,2,1,464,5,455,100,106,5,0,0,0,,0,,0,,0,,92,4,252
1383,渴望力量之人,7,\n希望不是壞的選擇…,1,,145,16,0,0,0,0,0,1,5,2,1,464,5,455,130,106,5,0,0,0,,0,,0,,0,,92,4,252
1384,偉大的魔法痕跡,410,\n感受到了大法師傑芮尼斯留下的氣息。,1,,145,16,0,0,0,0,0,1,5,2,1,464,5,455,130,106,10,0,0,0,,0,,0,,0,,92,4,252
1385,清掃魔法修練館,563,\n完美地清掃了魔法修練館!,1,,145,16,0,0,0,0,0,1,5,2,1,464,10,455,150,106,10,0,0,0,,0,,0,,0,,92,4,252
1386,學院祭小幫手,643,\n協助魔法學院傑芮尼斯學院祭的收尾工作。,1,,145,16,0,0,0,0,0,1,5,2,1,464,10,455,150,106,15,0,0,0,,0,,0,,0,,92,4,252
1387,WEDDING(30日),824,\n因為在一起而更幸福的結婚,1,,145,16,0,0,0,0,20132,0,5,2,1,465,5,464,10,128,50,124,100,0,,0,,0,,0,,245,39,230
1388,WEDDING,823,\n因為在一起而更幸福的結婚,1,,145,16,0,0,0,0,20132,0,5,2,1,0,0,0,0,0,0,0,0,0,,0,,0,,0,,245,39,230
1389,傑芮尼斯魔法學院(30日),22,\n你是傑芮尼斯魔法學院的驕傲,1,,145,16,0,0,0,0,20133,0,5,2,1,465,4,464,10,456,2,124,30,15003885,物理爆擊效果: 物理爆擊傷害增加200%,15003887,魔法爆擊效果: 魔法爆擊效果增加200%,0,,0,,255,0,0
1390,傑芮尼斯魔法學院,21,\n你是傑芮尼斯魔法學院的驕傲,1,,145,16,0,0,0,0,20133,0,5,2,1,0,0,0,0,0,0,0,0,0,,0,,0,,0,,255,0,0
1391,撲克獅稱號(30日),199,\n撲克獅是這個世界上最帥氣最可怕的! 呀吼!,1,,145,16,0,0,0,0,20599,0,5,2,1,465,5,464,10,128,50,124,100,15003885,物理爆擊效果: 物理爆擊傷害增加200%,15003887,魔法爆擊效果: 魔法爆擊效果增加200%,0,,0,,255,0,0
1392,撲克獅稱號,198,\n撲克獅是這個世界上最帥氣最可怕的! 呀吼!,1,,145,16,0,0,0,0,20599,0,5,2,1,0,0,0,0,0,0,0,0,0,,0,,0,,0,,255,0,0
1393,迪特向日葵,448,\n承認你是真正的迪特向日葵。,1,,145,16,0,0,0,0,0,1,5,2,1,0,0,0,0,0,0,0,0,0,,0,,0,,0,,223,223,251
1394,破滅大地的救援者,609,\n在新的大地上走另一條命運之路。,1,,145,16,0,0,0,0,0,1,5,2,1,455,150,465,3,466,5,0,0,0,,0,,0,,0,,92,4,252
1395,煞尼克的記憶,270,\n跟隨煞尼克的記憶。,1,,145,16,0,0,0,0,0,1,5,2,1,455,150,465,5,466,5,0,0,0,,0,,0,,0,,92,4,252
1396,為了這個世界的美好結局,411,\n為了不讓這個世界以悲劇收尾而努力,1,,145,16,0,0,0,0,0,1,5,0,1,455,200,465,5,466,10,0,0,0,,0,,0,,0,,92,4,252
1397,慾望遏止者,401,\n給打倒諾克斯王子的冒險家的稱號,1,,145,16,0,0,0,0,0,1,5,2,1,455,200,465,5,466,10,0,0,0,,0,,0,,0,,92,4,252
1398,夢境森林拜訪者,183,\n向森林守護者獲得認可。,1,,145,16,0,0,0,0,0,1,5,2,1,455,300,465,5,466,10,0,0,0,,0,,0,,0,,92,4,252
1399,野餐(30日),374,\n有美食就更棒的美好野餐!,1,,145,16,0,0,0,0,20134,0,5,2,1,465,4,464,10,456,2,124,30,15003885,物理爆擊效果: 物理爆擊傷害增加200%,15003887,魔法爆擊效果: 魔法爆擊效果增加200%,0,,0,,255,0,0
1400,野餐,373,\n有美食就更棒的美好野餐!,1,,145,16,0,0,0,0,20134,0,5,2,1,0,0,0,0,0,0,0,0,0,,0,,0,,0,,255,0,0
1401,暗影行者,358,\n4轉職業王者!! 我是彩虹島物語的暗影行者!,1,,145,16,0,0,0,0,21642,0,5,2,1,0,0,0,0,0,0,0,0,0,,0,,0,,0,,240,89,187
1402,蓓菈(30日),212,\n穿著婚紗的魔界精靈蓓菈!!,1,,145,16,0,0,0,0,20343,0,5,2,1,465,4,464,10,456,2,124,30,15003885,物理爆擊效果: 物理爆擊傷害增加200%,15003887,魔法爆擊效果: 魔法爆擊效果增加200%,0,,0,,255,0,0
1403,蓓菈,211,\n穿著婚紗的魔界精靈蓓菈!!,1,,145,16,0,0,0,0,20343,0,5,2,1,0,0,0,0,0,0,0,0,0,,0,,0,,0,,255,0,0
1404,劍神的信賴,23,\n解決吉斯克領地的事情後，獲得了劍神吉斯卡德的信賴。,1,,145,16,0,0,0,0,0,1,5,2,1,464,5,465,5,0,0,0,0,0,,0,,0,,0,,92,4,252
1405,戰勝忘卻,451,\n戰勝了忘卻的她所帶來的考驗。,1,,145,16,0,0,0,0,0,1,5,2,1,464,10,465,5,0,0,0,0,0,,0,,0,,0,,92,4,252
1406,看星星,5,\n盡情飽覽了虛無之星!,1,,145,16,0,0,0,0,0,1,5,2,1,464,10,465,5,0,0,0,0,0,,0,,0,,0,,92,4,252
1407,湖畔散步,653,\n散步在充滿孤寂的湖畔。,1,,145,16,0,0,0,0,0,1,5,2,1,464,15,465,5,0,0,0,0,0,,0,,0,,0,,92,4,252
1408,神經病,302,\n哈哈，誰會學這個啊? 該不會…該不會…,1,,145,16,0,0,0,0,0,1,5,0,1,0,0,0,0,0,0,0,0,0,,0,,0,,0,,255,2,9
1409,蛀牙惡棍,489,\n只有滿口蛀牙的惡棍才有資格配戴的稱號,1,,145,16,0,0,0,0,0,1,5,2,1,124,70,461,10,465,2,0,0,0,,0,,0,,0,,185,56,188
1410,Good night(30日),764,\n珍貴的彩虹島玩家們? 晚安?,1,,145,16,0,0,0,0,20472,0,5,2,1,465,5,464,10,128,50,124,100,15003885,物理爆擊效果: 物理爆擊傷害增加200%,15003887,魔法爆擊效果: 魔法爆擊效果增加200%,0,,0,,255,0,0
1411,Good night,763,\n珍貴的彩虹島玩家們? 晚安?,1,,145,16,0,0,0,0,20472,0,5,2,1,0,0,0,0,0,0,0,0,0,,0,,0,,0,,255,0,0
1412,阿德奇納的決心,320,\n阿德奇納為了未來下定了決心。,1,,145,16,0,0,0,0,0,1,5,2,1,216,300,461,1,0,0,0,0,0,,0,,0,,0,,92,4,252
1413,超人聯歡會,584,\n東方大陸的超人舉辦了不定期的聚會。除了拜斯…,1,,145,16,0,0,0,0,0,1,5,2,1,216,300,461,5,0,0,0,0,0,,0,,0,,0,,92,4,252
1414,靈魂的缺陷,153,\n打破了因缺陷而痛苦的夢魔之夢境。,1,,145,16,0,0,0,0,0,1,5,2,1,216,350,461,5,0,0,0,0,0,,0,,0,,0,,92,4,252
1415,搖籃清潔工,400,\n認真打掃了帶給某人慰藉的場所。,1,,145,16,0,0,0,0,0,1,5,2,1,216,350,461,10,0,0,0,0,0,,0,,0,,0,,92,4,252
1416,1級園丁,714,\n無數次拜訪玫瑰園的結果，已經習慣了玫瑰香，不會醉了!,1,,145,16,0,0,0,0,0,1,5,2,1,216,400,461,10,0,0,0,0,0,,0,,0,,0,,92,4,252
1417,9999,684,\n對達成超越等級9999的你表示尊敬之意…,1,,145,16,0,0,0,0,20511,0,5,2,1,0,0,0,0,0,0,0,0,0,,0,,0,,0,,251,101,101
1418,第1季Master,464,第1季Master,1,,145,16,0,0,0,0,19919,0,5,2,1,0,0,0,0,0,0,0,0,0,,0,,0,,0,,251,101,101
1419,第1季Diamond,462,第1季Diamond,1,,145,16,0,0,0,0,19914,0,5,2,1,0,0,0,0,0,0,0,0,0,,0,,0,,0,,251,101,101
1420,第1季Platinum,465,第1季Platinum,1,,145,16,0,0,0,0,19909,0,5,2,1,0,0,0,0,0,0,0,0,0,,0,,0,,0,,251,101,101
1421,第1季Gold,463,第1季Gold,1,,145,16,0,0,0,0,19904,0,5,2,1,0,0,0,0,0,0,0,0,0,,0,,0,,0,,251,101,101
1422,第1季Silver,466,第1季Silver,1,,145,16,0,0,0,0,19899,0,5,2,1,0,0,0,0,0,0,0,0,0,,0,,0,,0,,251,101,101
1423,第1季Bronze,461,第1季Bronze,1,,145,16,0,0,0,0,19894,0,5,2,1,0,0,0,0,0,0,0,0,0,,0,,0,,0,,251,101,101
1424,MERRY X-MAS(30日),795,\n幸福的聖誕節!!!聖誕節就和彩虹島物語一起度過~~,1,,145,16,0,0,0,0,20479,0,5,2,1,465,5,464,10,128,50,124,100,15003885,物理爆擊效果: 物理爆擊傷害增加200%,15003887,魔法爆擊效果: 魔法爆擊效果增加200%,0,,0,,255,0,0
1425,MERRY X-MAS,794,\n幸福的聖誕節!!!聖誕節就和彩虹島物語一起度過~~,1,,145,16,0,0,0,0,20479,0,5,2,1,0,0,0,0,0,0,0,0,0,,0,,0,,0,,255,0,0
1426,中立,495,\n展現出公會傾向中立的稱號,1,,145,16,0,0,0,0,20513,0,5,2,1,0,0,0,0,0,0,0,0,0,,0,,0,,0,,251,0,0
1427,秩序,516,\n展現出公會傾向秩序的稱號,1,,145,16,0,0,0,0,20515,0,5,2,1,0,0,0,0,0,0,0,0,0,,0,,0,,0,,251,0,0
1428,混沌,656,\n展現出公會傾向混沌的稱號,1,,145,16,0,0,0,0,20514,0,5,2,1,0,0,0,0,0,0,0,0,0,,0,,0,,0,,251,0,0
1429,2021 HAPPY NEW YEAR(30日),725,\n祝福2021年新的一年也充滿幸運~!,1,,145,16,0,0,0,0,20537,0,5,2,1,465,4,464,10,456,2,124,30,15003885,物理爆擊效果: 物理爆擊傷害增加200%,15003887,魔法爆擊效果: 魔法爆擊效果增加200%,0,,0,,255,232,161
1430,2021 HAPPY NEW YEAR,724,\n祝福2021年新的一年也充滿幸運~!,1,,145,16,0,0,0,0,20537,0,5,2,1,0,0,0,0,0,0,0,0,0,,0,,0,,0,,255,232,161
1431,公會任務王,47,\n適合公會任務之王的稱號,1,,145,16,0,0,0,0,22170,0,5,2,1,461,1,465,1,14,100,0,0,0,,0,,0,,0,,251,0,0
1432,公會商品王,46,\n適合公會商品之王的稱號,1,,145,16,0,0,0,0,22171,0,5,2,1,461,5,465,1,14,150,0,0,0,,0,,0,,0,,251,0,0
1433,公會簽到王,48,\n適合公會簽到之王的稱號,1,,145,16,0,0,0,0,22172,0,5,2,1,461,5,465,2,14,150,0,0,0,,0,,0,,0,,251,0,0
1434,公會幸運王,49,\n適合公會幸運之王的稱號,1,,145,16,0,0,0,0,22173,0,5,2,1,461,10,465,2,14,200,0,0,0,,0,,0,,0,,251,0,0
1435,逃亡者,122,\n我沒有良心~,1,,145,16,0,0,0,0,0,1,5,2,1,494,5,0,0,0,0,0,0,0,,0,,0,,0,,255,2,9
1436,忠誠的公會成員,599,\n給奉獻於公會的你,1,,145,16,0,0,0,0,0,1,5,2,1,456,3,0,0,0,0,0,0,0,,0,,0,,0,,185,56,188
1437,ROSE(30日),806,\n在玫瑰盛開的那個地方…,1,,145,16,0,0,0,0,20539,0,5,2,1,465,5,464,10,128,50,124,100,15003885,物理爆擊效果: 物理爆擊傷害增加200%,15003887,魔法爆擊效果: 魔法爆擊效果增加200%,0,,0,,255,0,0
1438,ROSE,805,\n在玫瑰盛開的那個地方…,1,,145,16,0,0,0,0,20539,0,5,2,1,0,0,0,0,0,0,0,0,0,,0,,0,,0,,255,0,0
1439,彩虹島創作者1期,538,\n我就是彩虹島創作者1期!,1,,145,16,0,0,0,0,20512,0,5,2,1,0,0,0,0,0,0,0,0,0,,0,,0,,0,,255,75,130
1440,隱藏力量的,419,\n不是做不到而是不做。,1,,145,16,0,0,0,0,0,1,5,2,1,124,10,0,0,0,0,0,0,0,,0,,0,,0,,255,28,28
1441,最強者,587,\n你就是..?!,1,,145,16,0,0,0,0,0,1,5,2,1,465,1,0,0,0,0,0,0,0,,0,,0,,0,,249,56,83
1442,獲得大地祝福的,672,\n獲得大地女神蓋亞的庇護。,1,,145,16,0,0,0,0,0,1,5,2,1,455,100,461,1,465,1,0,0,0,,0,,0,,0,,92,4,252
1443,愛麗絲的冒險家,359,\n不是女神，而是專屬愛麗絲的冒險家,1,,145,16,0,0,0,0,0,1,5,2,1,455,100,461,2,465,1,0,0,0,,0,,0,,0,,92,4,252
1444,戰勝絕望,452,\n戰勝持續的絕望，眺望著聖域的天空。,1,,145,16,0,0,0,0,0,1,5,2,1,455,150,461,5,465,2,0,0,0,,0,,0,,0,,92,4,252
1445,天使的祝福,548,\n得到戰鬥天使米卡艾拉的問候，獲得了出入聖地的資格。,1,,145,16,0,0,0,0,0,1,5,2,1,455,150,461,10,465,2,0,0,0,,0,,0,,0,,92,4,252
1446,粉碎聖域,254,\n想破壞聖域的魔族痕跡,1,,145,16,0,0,0,0,0,1,5,2,1,455,200,461,10,465,2,0,0,0,,0,,0,,0,,92,4,252
1447,櫻花探測器,369,\n來找櫻花了嗎?,1,,145,16,0,0,0,0,0,1,5,2,1,124,100,106,5,0,0,0,0,0,,0,,0,,0,,185,56,188
1448,蜜絲汪稱號(30日),197,\n收下蜜絲汪的愛心吧,1,,145,16,0,0,0,0,20644,0,5,2,1,465,5,464,10,128,50,124,100,15003885,物理爆擊效果: 物理爆擊傷害增加200%,15003887,魔法爆擊效果: 魔法爆擊效果增加200%,0,,0,,255,0,0
1449,蜜絲汪稱號,196,\n收下蜜絲汪的愛心吧,1,,145,16,0,0,0,0,20644,0,5,2,1,0,0,0,0,0,0,0,0,0,,0,,0,,0,,255,0,0
1450,那時的,79,\n記得嗎…?那時候…,1,,145,16,0,0,0,0,0,1,5,2,1,124,100,456,5,0,0,0,0,15003899,物理爆擊效果: 物理爆擊傷害增加100%,15003918,魔法爆擊效果: 魔法爆擊傷害增加100%,0,,0,,255,234,115
1451,充電中,600,\n需要稍微休息片刻。,1,,145,16,0,0,0,0,20675,0,5,2,1,31,5,216,1500,0,0,0,0,0,,0,,0,,0,,31,240,155
1452,LABOOM,776,\n★15週年更新紀念★,1,,145,16,0,0,0,0,20733,0,5,2,1,0,0,0,0,0,0,0,0,0,,0,,0,,0,,31,240,155
1453,新手,307,\n給彩虹島物語新手的稱號,1,,145,16,0,0,0,0,0,1,5,2,1,31,10,456,10,106,50,0,0,0,,0,,0,,0,,253,64,112
1454,長腿叔叔,441,\n給讓新手們口袋鼓鼓的人之稱號,1,,145,16,0,0,0,0,0,1,5,2,1,31,3,0,0,0,0,0,0,0,,0,,0,,0,,255,128,0
1455,(舊),685,\n證明長時間與我們同在的稱號,1,,145,16,0,0,0,0,0,1,5,2,1,0,0,0,0,0,0,0,0,0,,0,,0,,0,,233,14,101
1456,LABOOM(30日),777,\n★15週年更新紀念★,1,,145,16,0,0,0,0,20733,0,5,2,1,465,5,464,10,128,50,124,100,0,,0,,0,,0,,245,39,230
1457,霧狀花海,188,\n雖然揭露了過去停留在格爾答的束縛，但是遇到了如花朵般盛開的濃霧。,1,,145,16,0,0,0,0,0,1,5,2,1,464,5,106,5,0,0,0,0,0,,0,,0,,0,,92,4,252
1458,虛假的回音,652,\n打倒連存在本身都用謊言來包裝的精靈。,1,,145,16,0,0,0,0,0,1,5,2,1,464,10,106,10,0,0,0,0,0,,0,,0,,0,,92,4,252
1459,冰柱尖之心,256,\n拔掉插在內心深處的冰柱。,1,,145,16,0,0,0,0,0,1,5,2,1,464,10,106,15,0,0,0,0,0,,0,,0,,0,,92,4,252
1460,淨化達人,460,\n將被汙染的泉水淨化乾淨。,1,,145,16,0,0,0,0,0,1,5,2,1,464,15,106,15,0,0,0,0,0,,0,,0,,0,,92,4,252
1461,尋找答案的道路,313,\n戰勝珀耳塞的考驗，依照蓋亞的意志覺醒。,1,,145,16,0,0,0,0,0,1,5,2,1,455,200,465,3,464,5,0,0,0,,0,,0,,0,,92,4,252
1462,銜尾蛇的誘餌,645,\n感覺會成為銜尾蛇誘餌的少女出現了。,1,,145,16,0,0,0,0,0,1,5,2,1,455,200,466,5,494,5,0,0,0,,0,,0,,0,,92,4,252
1463,[活動] 慶典終結者,690,\n給認真參與所有慶典內容的玩家之稱號,1,,145,16,0,0,0,0,0,1,5,2,1,494,15,0,0,0,0,0,0,0,,0,,0,,0,,255,233,0
1464,[活動] 慶典守護者,689,\n給鼓勵尤菲並守護慶典的玩家之稱號,1,,145,16,0,0,0,0,0,1,5,2,1,455,150,0,0,0,0,0,0,0,,0,,0,,0,,255,233,0
1465,[活動] 慶典協助者,691,\n給為了迎接15週年，一起幫忙彩虹島Festival的玩家之稱號,1,,145,16,0,0,0,0,0,1,5,2,1,106,15,0,0,0,0,0,0,0,,0,,0,,0,,255,233,0
1466,我們所有人,325,我選擇的願望主語! \n\n預計在2021年9月29日進行例行維護時刪除,1,,145,16,0,0,0,0,0,1,5,2,1,0,0,0,0,0,0,0,0,0,,0,,0,,0,,193,254,255
1467,胖胖耶比,202,我選擇的願望主語! \n\n預計在2021年9月29日進行例行維護時刪除,1,,145,16,0,0,0,0,0,1,5,2,1,0,0,0,0,0,0,0,0,0,,0,,0,,0,,193,254,255
1468,幸福,650,我選擇的願望賓語! \n\n預計在2021年9月29日進行例行維護時刪除,1,,145,16,0,0,0,0,0,1,5,0,1,0,0,0,0,0,0,0,0,0,,0,,0,,0,,197,253,196
1469,超值,586,我選擇的願望賓語! \n\n預計在2021年9月29日進行例行維護時刪除,1,,145,16,0,0,0,0,0,1,5,0,1,0,0,0,0,0,0,0,0,0,,0,,0,,0,,197,253,196
1470,獎勵,439,我選擇的願望賓語! \n\n預計在2021年9月29日進行例行維護時刪除,1,,145,16,0,0,0,0,0,1,5,0,1,0,0,0,0,0,0,0,0,0,,0,,0,,0,,197,253,196
1471,20週年,732,我選擇的願望賓語! \n\n預計在2021年9月29日進行例行維護時刪除,1,,145,16,0,0,0,0,0,1,5,2,1,0,0,0,0,0,0,0,0,0,,0,,0,,0,,197,253,196
1472,希望,681,我選擇的願望謂語! \n\n預計在2021年9月29日進行例行維護時刪除,1,,145,16,0,0,0,0,0,1,5,0,1,0,0,0,0,0,0,0,0,0,,0,,0,,0,,253,223,239
1473,喜歡,682,我選擇的願望謂語! \n\n預計在2021年9月29日進行例行維護時刪除,1,,145,16,0,0,0,0,0,1,5,2,1,0,0,0,0,0,0,0,0,0,,0,,0,,0,,253,223,239
1474,拒絕,18,我選擇的願望謂語! \n\n預計在2021年9月29日進行例行維護時刪除,1,,145,16,0,0,0,0,0,1,5,2,1,0,0,0,0,0,0,0,0,0,,0,,0,,0,,253,223,239
1475,彩虹島創作者2期,539,\n我就是彩虹島創作者2期!\n\n※參考※\n2021年12月31日活動期間結束時該稱號也會消失。\n但! 若中途未退出並在期間結束前完成活動，就會發放永久制!,1,,145,16,0,0,0,0,21092,0,5,2,1,0,0,0,0,0,0,0,0,0,,0,,0,,0,,255,75,130
1476,混沌的路口,657,\n過了很久，站在混沌的路口前。,1,,145,16,0,0,0,0,0,1,5,2,1,461,1,494,5,0,0,0,0,0,,0,,0,,0,,92,4,252
1477,噹啷噹啷,112,\n經常聽到帕西淮的鈴鐺聲。,1,,145,16,0,0,0,0,0,1,5,2,1,461,5,494,10,0,0,0,0,0,,0,,0,,0,,92,4,252
1478,反覆試驗,203,\n為了得到某人的信任，必須努力。,1,,145,16,0,0,0,0,0,1,5,2,1,461,5,494,10,466,1,0,0,0,,0,,0,,0,,92,4,252
1479,暴風雨前的寧靜,637,\n在準備某一天之前，等待不祥的夜晚。,1,,145,16,0,0,0,0,0,1,5,2,1,461,10,494,15,466,3,0,0,0,,0,,0,,0,,92,4,252
1480,發洩憤怒,207,與憤怒的君主長期戰鬥後獲得了信任。,1,,145,16,0,0,0,0,0,1,5,2,1,461,10,494,15,466,5,0,0,0,,0,,0,,0,,92,4,252
1481,Autumn(30日),738,\n楓葉染紅的季節，秋天來了!,1,,145,16,0,0,0,0,21240,0,5,2,1,465,5,464,10,128,50,124,100,0,,0,,0,,0,,245,39,230
1482,Autumn,737,\n楓葉染紅的季節，秋天來了!,1,,145,16,0,0,0,0,21240,0,5,2,1,0,0,0,0,0,0,0,0,0,,0,,0,,0,,245,39,230
1483,彩虹島守護者,531,\n給拯救彩虹島的你!\n在2021年萬聖節活動詛咒森林活動中給予的稱號。,1,,145,16,0,0,0,0,0,1,5,2,1,216,1000,0,0,0,0,0,0,0,,0,,0,,0,,153,217,234
1484,撒旦也甘拜下風,271,\n啊，這有點;;\n在2021年萬聖節活動詛咒森林活動中給予的稱號。,1,,145,16,0,0,0,0,0,1,5,2,1,0,0,0,0,0,0,0,0,0,,0,,0,,0,,237,28,36
1485,第2季Master,470,第2季Master,1,,145,16,0,0,0,0,19920,0,5,2,1,0,0,0,0,0,0,0,0,0,第2季Master,0,,0,,0,,251,101,101
1486,第2季Diamond,468,第2季Diamond,1,,145,16,0,0,0,0,19915,0,5,2,1,0,0,0,0,0,0,0,0,0,第2季Diamond,0,,0,,0,,251,101,101
1487,第2季Platinum,471,第2季Platinum,1,,145,16,0,0,0,0,19910,0,5,2,1,0,0,0,0,0,0,0,0,0,第2季Platinum,0,,0,,0,,251,101,101
1488,第2季Gold,469,第2季Gold,1,,145,16,0,0,0,0,19905,0,5,2,1,0,0,0,0,0,0,0,0,0,第2季Gold,0,,0,,0,,251,101,101
1489,第2季Silver,472,第2季Silver,1,,145,16,0,0,0,0,19900,0,5,2,1,0,0,0,0,0,0,0,0,0,第2季Silver,0,,0,,0,,251,101,101
1490,第2季Bronze,467,第2季Bronze,1,,145,16,0,0,0,0,19895,0,5,2,1,0,0,0,0,0,0,0,0,0,第2季Bronze,0,,0,,0,,251,101,101
1491,蜜蜂嗡嗡(30日),195,看來我是花吧~ 一直有蜜蜂跟著我☆,1,,145,16,0,0,0,0,21320,0,5,2,1,465,5,464,10,128,50,124,100,15003885,物理爆擊效果: 物理爆擊傷害增加200%,15003887,魔法爆擊效果: 魔法爆擊效果增加200%,0,,0,,255,0,0
1492,蜜蜂嗡嗡,194,看來我是花吧~ 一直有蜜蜂跟著我☆,1,,145,16,0,0,0,0,21320,0,5,2,1,0,0,0,0,0,0,0,0,0,,0,,0,,0,,255,0,0
1493,東方大陸的救援者,136,和超人們合力將罪人逐出東方大陸。,1,,145,16,0,0,0,0,0,1,5,2,1,464,3,465,1,106,5,0,0,0,,0,,0,,0,,92,4,252
1494,真理的圖書館,514,找到了所有蘊含一部分世界真理的圖書館之路了。,1,,145,16,0,0,0,0,0,1,5,2,1,464,5,465,2,106,5,0,0,0,,0,,0,,0,,92,4,252
1495,也許是天堂,375,記住對某人而言是地獄，但對某人來說也許是天堂的那種場所。,1,,145,16,0,0,0,0,0,1,5,2,1,464,5,465,2,106,8,0,0,0,,0,,0,,0,,92,4,252
1496,審判者,317,在與罪人反覆不斷的戰鬥中打贏了。,1,,145,16,0,0,0,0,0,1,5,2,1,464,10,465,3,106,10,0,0,0,,0,,0,,0,,92,4,252
1497,親愛的我的星星,601,\n生命熱愛的星星，「艾特瓦勒」的故事仍在持續中。,1,,145,16,0,0,0,0,0,1,5,2,1,464,10,465,2,106,10,0,0,0,,0,,0,,0,,92,4,252
1498,WINDIA(30日),827,可以感受到柔風的WINDIA,1,,145,16,0,0,0,0,21436,0,5,2,1,465,5,464,10,128,50,124,100,0,,0,,0,,0,,255,0,0
1499,WINDIA,826,可以感受到柔風的WINDIA,1,,145,16,0,0,0,0,21436,0,5,2,1,0,0,0,0,0,0,0,0,0,,0,,0,,0,,255,0,0
1500,御風引者,376,\n副職業王者!! 我是彩虹島物語的御風引者!,1,,145,16,0,0,0,0,21653,0,5,2,1,0,0,0,0,0,0,0,0,0,,0,,0,,0,,240,89,187
1501,ICE CRYSTAL(30日),773,\n冰冷但美麗的冰晶,1,,145,16,0,0,0,0,21321,0,5,2,1,465,5,464,10,128,50,124,100,0,,0,,0,,0,,245,39,230
1502,ICE CRYSTAL,772,\n冰冷但美麗的冰晶,1,,145,16,0,0,0,0,21321,0,5,2,1,0,0,0,0,0,0,0,0,0,,0,,0,,0,,245,39,230
1503,放羊的少年,210,\n騙子!!,1,,145,16,0,0,0,0,0,1,5,2,1,0,0,0,0,0,0,0,0,0,,0,,0,,0,,255,255,255
1504,放羊的少女,209,\n騙子!!,1,,145,16,0,0,0,0,0,1,5,2,1,0,0,0,0,0,0,0,0,0,,0,,0,,0,,255,255,255
1505,2022 HAPPY NEW YEAR(30日),727,\n希望2022年也是充滿幸運的一年~!,1,,145,16,0,0,0,0,21513,0,5,2,1,465,4,464,10,456,2,124,30,15003885,物理爆擊效果: 物理爆擊傷害增加200%,15003887,魔法爆擊效果: 魔法爆擊效果增加200%,0,,0,,255,232,161
1506,2022 HAPPY NEW YEAR,726,\n希望2022年也是充滿幸運的一年~!,1,,145,16,0,0,0,0,21513,0,5,2,1,0,0,0,0,0,0,0,0,0,,0,,0,,0,,255,232,161
1507,RAINIA(30日),803,\n可以感受到涼爽雨之氣息的RAINIA,1,,145,16,0,0,0,0,21669,0,5,2,1,465,5,464,10,128,50,124,100,0,,0,,0,,0,,255,0,0
1508,RAINIA,802,\n可以感受到涼爽雨之氣息的RAINIA,1,,145,16,0,0,0,0,21669,0,5,2,1,0,0,0,0,0,0,0,0,0,,0,,0,,0,,255,0,0
1509,朗菲(30日),143,\n撐著雨傘在雨中散步的朗菲,1,,145,16,0,0,0,0,21671,0,5,2,1,465,4,464,10,456,2,124,30,15003885,物理爆擊效果: 物理爆擊傷害增加200%,15003887,魔法爆擊效果: 魔法爆擊效果增加200%,0,,0,,255,0,0
1510,朗菲,142,\n撐著雨傘在雨中散步的朗菲,1,,145,16,0,0,0,0,21671,0,5,2,1,0,0,0,0,0,0,0,0,0,,0,,0,,0,,255,0,0
1511,喚雨淨使,670,\n副職業王者!! 我是彩虹島物語的喚雨淨使!,1,,145,16,0,0,0,0,21654,0,5,2,1,0,0,0,0,0,0,0,0,0,,0,,0,,0,,240,89,187
1512,愛的鵲橋,368,\n?你是情侶的守護者?,1,,145,16,0,0,0,0,0,1,5,2,1,0,0,0,0,0,0,0,0,0,,0,,0,,0,,255,213,226
1513,情侶拆散者,457,\n愛? 那是什麼!,1,,145,16,0,0,0,0,0,1,5,2,1,0,0,0,0,0,0,0,0,0,,0,,0,,0,,197,184,248
1514,半銀月,205,\n這世界上唯一的半銀月,1,,145,16,0,0,0,0,0,1,5,0,1,0,0,0,0,0,0,0,0,0,,0,,0,,0,,255,0,172
1515,你想怎樣,100,\n不然想怎樣~,1,,145,16,0,0,0,0,0,1,5,2,1,0,0,0,0,0,0,0,0,0,,0,,0,,0,,83,62,115
1516,CHOCOLATE(30日),747,\n甜蜜的甜點巧克力,1,,145,16,0,0,0,0,21683,0,5,2,1,465,5,464,10,128,50,124,100,15003885,物理爆擊效果: 物理爆擊傷害增加200%,15003887,魔法爆擊效果: 魔法爆擊效果增加200%,0,,0,,255,0,0
1517,CHOCOLATE,746,\n甜蜜的甜點巧克力,1,,145,16,0,0,0,0,21683,0,5,2,1,0,0,0,0,0,0,0,0,0,,0,,0,,0,,255,0,0
1518,R.O.K.A,801,\n這世界唯一的R.O.K.A,1,,145,16,0,0,0,0,0,1,5,2,1,0,0,0,0,0,0,0,0,0,,0,,0,,0,,246,246,246
1519,??,713,\n?????\n\n2022愚人節活動紀念稱號,1,,145,16,0,0,0,0,0,1,5,2,1,0,0,0,0,0,0,0,0,0,,0,,0,,0,,255,111,157
1520,走在時間分界的,490,\n解開有關普紐瑪的故事回來了。,1,,145,16,0,0,0,0,0,1,5,2,1,216,300,464,5,31,1,0,0,0,,0,,0,,0,,92,4,252
1521,滴答滴答,447,\n學會了守時的方法。滴答滴答。,1,,145,16,0,0,0,0,0,1,5,2,1,216,300,464,10,31,1,0,0,0,,0,,0,,0,,92,4,252
1522,夢境居民,182,\n向卡伊洛斯學會了好好睡覺的方法。想睡覺…，好困…,1,,145,16,0,0,0,0,0,1,5,2,1,216,350,464,10,31,2,0,0,0,,0,,0,,0,,92,4,252
1523,貓手治百病,184,\n得到了時間精靈卡伊洛斯的認可。,1,,145,16,0,0,0,0,0,1,5,2,1,216,350,464,15,31,3,0,0,0,,0,,0,,0,,92,4,252
1524,新捉迷藏鬼,310,\n許多人參與的遊戲再次開始了。,1,,145,16,0,0,0,0,0,1,5,2,1,216,350,464,15,31,2,0,0,0,,0,,0,,0,,92,4,252
1525,CLEAR,748,\n呵，小菜一疊,1,,145,16,0,0,0,0,21720,0,5,2,1,0,0,0,0,0,0,0,0,0,,0,,0,,0,,245,255,121
1526,彩虹島創作者(90日),537,\n彩虹島創作者!,1,,145,16,0,0,0,0,21721,0,5,2,1,0,0,0,0,0,0,0,0,0,,0,,0,,0,,255,75,130
1527,最高級獵人,588,\n只是認真地狩獵而已。,1,,145,16,0,0,0,0,22169,0,5,2,1,586,25,496,500,0,0,0,0,0,,0,,0,,0,,133,253,212
1528,特級獵人,605,\n只是認真地狩獵而已。,1,,145,16,0,0,0,0,22611,0,5,2,1,586,30,496,600,0,0,0,0,0,,0,,0,,0,,133,253,212
1529,精通獵人,459,\n只是認真地狩獵而已。,1,,145,16,0,0,0,0,22612,0,5,2,1,586,35,496,700,0,0,0,0,0,,0,,0,,0,,133,253,212
1530,[活動] 麥德斯的手藝(1日),693,\n[活動] 麥德斯的手藝也是最棒的~ 就說玩家真的是最棒的啊?,1,,160,16,0,0,0,0,0,1,5,2,1,369,3,384,5,411,30,0,0,0,,0,,0,,0,,0,0,0
1531,胖達利稱號(30日),201,\n你如果認為我只想著吃的話就大錯特錯了∼！,1,,145,16,0,0,0,0,21779,0,5,2,1,465,5,464,10,128,50,124,100,15003885,物理爆擊效果: 物理爆擊傷害增加200%,15003887,魔法爆擊效果: 魔法爆擊效果增加200%,0,,0,,255,0,0
1532,胖達利稱號,200,\n你如果認為我只想著吃的話就大錯特錯了∼！,1,,145,16,0,0,0,0,21779,0,5,2,1,0,0,0,0,0,0,0,0,0,,0,,0,,0,,255,0,0
1533,訓練兵,674,\n對一切感到不安的訓練兵,1,,145,16,0,0,0,0,0,1,5,2,1,0,0,0,0,0,0,0,0,0,,0,,0,,0,,255,255,255
1534,後備軍,673,\n對一切感到厭煩的後備軍,1,,145,16,0,0,0,0,0,1,5,2,1,0,0,0,0,0,0,0,0,0,,0,,0,,0,,255,255,255
1535,第一次彩排,476,\n第一個舞台在不知道是彩排的情況下就結束了。評價還不錯。,1,,145,16,0,0,0,0,0,1,5,2,1,455,100,461,1,0,0,0,0,0,,0,,0,,0,,92,4,252
1536,玩偶騎士,394,\n延續在深淵之鏡遇見的騎士旨意。,1,,145,16,0,0,0,0,0,1,5,2,1,455,150,461,5,0,0,0,0,0,,0,,0,,0,,92,4,252
1537,你的專屬謝幕,101,\n劇場為你準備的專屬特別時光！,1,,145,16,0,0,0,0,0,1,5,2,1,455,200,461,15,0,0,0,0,0,,0,,0,,0,,92,4,252
1538,主角,488,\n你被選為這次舞台的主角了。,1,,145,16,0,0,0,0,0,1,5,2,1,455,200,461,10,0,0,0,0,0,,0,,0,,0,,92,4,252
1539,外送的冒險家,398,\n普紐瑪的精靈送到了。,1,,145,16,0,0,0,0,0,1,5,2,1,455,150,461,5,0,0,0,0,0,,0,,0,,0,,92,4,252
1541,GATE KEEPER(30日),760,\n跨越時空的艾特瓦勒探索者,1,,145,16,0,0,0,0,21840,0,5,2,1,465,5,464,10,128,50,124,100,0,,0,,0,,0,,255,0,0
1542,GATE KEEPER,759,\n跨越時空的艾特瓦勒探索者,1,,145,16,0,0,0,0,21840,0,5,2,1,0,0,0,0,0,0,0,0,0,,0,,0,,0,,255,0,0
1543,命運守護者,179,\n3轉職業王者！！我是彩虹島的命運守護者！,1,,145,16,0,0,0,0,21850,0,5,2,1,0,0,0,0,0,0,0,0,0,,0,,0,,0,,240,89,187
1544,AURORA GARDEN,736,\n充滿歐若拉庭院的氣息！,1,,145,16,0,0,0,0,18057,0,5,2,1,0,0,0,0,0,0,0,0,0,,0,,0,,0,,245,39,230
1545,DEMI GOD,753,\n迎接DEMI GOD吧∼！感受超越想像的力量∼！！,1,,145,16,0,0,0,0,18058,0,5,2,1,0,0,0,0,0,0,0,0,0,,0,,0,,0,,58,1,171
1546,FLY TO THE MOON,757,\n望著大大的月亮，和玩家們一起許願吧∼,1,,145,16,0,0,0,0,17808,0,5,2,1,0,0,0,0,0,0,0,0,0,,0,,0,,0,,58,1,171
1547,SUMMER STORY,813,\n前往奧爾卡海邊∼前往山林地帶∼前往彩虹島享受夏天吧，GOGOGO∼！,1,,145,16,0,0,0,0,18539,0,5,2,1,0,0,0,0,0,0,0,0,0,,0,,0,,0,,255,232,161
1548,Sweet Monster,816,\n和甜蜜的怪物一起進入彩虹島無限的魅力當中 Go Go Go∼,1,,145,16,0,0,0,0,18899,0,5,2,1,0,0,0,0,0,0,0,0,0,,0,,0,,0,,245,39,230
1549,奧勒卡里姆的影子,384,\n結束被奧勒卡里姆之光掩蓋的故事。,1,,145,16,0,0,0,0,0,1,5,2,1,216,300,14,100,22,100,0,0,0,,0,,0,,0,,92,4,252
1550,強韌的,11,\n賦予稱號給以特有強韌感撐過魔導機器人攻擊的冒險家。,1,,145,16,0,0,0,0,0,1,5,2,1,216,300,14,150,22,150,0,0,0,,0,,0,,0,,92,4,252
1551,等待的延續,139,\n可以從等主人等了很久的精靈身上感受到一絲苦澀。,1,,145,16,0,0,0,0,0,1,5,2,1,216,350,14,150,22,150,0,0,0,,0,,0,,0,,92,4,252
1552,比光耀眼,255,\n在此處通過試煉的是比光之精靈更耀眼的你。,1,,145,16,0,0,0,0,0,1,5,2,1,216,350,14,200,22,200,0,0,0,,0,,0,,0,,92,4,252
1553,越看越美,407,\n在奧勒卡里姆發現的胸針蘊含著光之力量，讓人越看越美。,1,,145,16,0,0,0,0,0,1,5,2,1,216,400,14,200,22,200,0,0,0,,0,,0,,0,,92,4,252
1554,奇幻驚奇故事,72,\n聽寫任務完成！\n\n2022韓文日紀念活動稱號,1,,145,16,0,0,0,0,0,1,5,2,1,0,0,0,0,0,0,0,0,0,,0,,0,,0,,254,209,210
1555,艾露拉,363,\n這些可愛的雲(？)好像在哪裡常常看到。,1,,145,16,0,0,0,0,22598,0,5,2,1,0,0,0,0,0,0,0,0,0,,0,,0,,0,,255,0,0
1556,我擋我擋我擋我擋我擋我擋我擋擋擋,319,\n彩虹島世界唯一的我擋我擋擋擋稱號\n\n2022韓文日活動特別獎勵！,1,,180,16,0,0,0,0,0,1,5,2,1,0,0,0,0,0,0,0,0,0,,0,,0,,0,,136,238,221
1557,唯舞獨尊,413,\nWOW∼是不是在哪裡混過啊？！,1,,145,16,0,0,0,0,21797,0,5,2,1,0,0,0,0,0,0,0,0,0,,0,,0,,0,,31,240,155
1558,記憶的餘香,71,\n沒有消失、遺留下來的記憶香氣,1,,145,16,0,0,0,0,0,1,5,2,1,455,100,461,1,465,1,0,0,0,,0,,0,,0,,92,4,252
1559,不會消逝的星星,253,\n即使並不璀璨絢麗，仍留存在心中的星星。,1,,145,16,0,0,0,0,0,1,5,2,1,455,150,461,2,465,2,0,0,0,,0,,0,,0,,92,4,252
1560,神聖的,306,\n用全身感受殿堂的氣息。,1,,145,16,0,0,0,0,0,1,5,2,1,455,150,461,5,465,2,0,0,0,,0,,0,,0,,92,4,252
1561,女巫獵人,90,\n自從開始對付魔女後，就開始有人這麼稱呼了。,1,,145,16,0,0,0,0,0,1,5,2,1,455,200,461,10,465,2,0,0,0,,0,,0,,0,,92,4,252
1562,毛球,180,\n圓滾滾、軟綿綿的毛線球,1,,145,16,0,0,0,0,22454,0,5,2,1,0,0,0,0,0,0,0,0,0,,0,,0,,0,,255,0,0
1563,水墨畫,289,\n用毛筆畫出的一幅美麗圖畫,1,,145,16,0,0,0,0,22447,0,5,2,1,0,0,0,0,0,0,0,0,0,,0,,0,,0,,255,0,0
1564,2023 HAPPY NEW YEAR(30日),729,\n希望2023年也是充滿幸運的一年~!,1,,145,16,0,0,0,0,22455,0,5,2,1,465,4,464,10,456,2,124,30,15003885,物理爆擊效果: 物理爆擊傷害增加200%,15003887,魔法爆擊效果:  魔法爆擊效果增加200%,0,,0,,255,232,161
1565,2023 HAPPY NEW YEAR,728,\n希望2023年也是充滿幸運的一年~!,1,,145,16,0,0,0,0,22455,0,5,2,1,0,0,0,0,0,0,0,0,0,,0,,0,,0,,255,232,161
1566,黑糖＆白雪(30日),677,光是看到黑兔與白兔待在一起的畫面就讓人內心溫暖了起來吧？,1,,145,16,0,0,0,0,22477,0,5,2,1,465,4,464,10,456,2,124,30,15003885,物理爆擊效果: 物理爆擊傷害增加200%,15003887,魔法爆擊效果:  魔法爆擊效果增加200%,0,,0,,255,0,0
1567,黑糖＆白雪,676,光是看到黑兔與白兔待在一起的畫面就讓人內心溫暖了起來吧？,1,,145,16,0,0,0,0,22477,0,5,2,1,0,0,0,0,0,0,0,0,0,,0,,0,,0,,255,0,0
1568,未生,192,\n直到完生的那天為止…,1,,145,16,0,0,0,0,0,1,5,2,1,0,0,0,0,0,0,0,0,0,,0,,0,,0,,221,221,221
1569,本月優秀員工,245,\n已獲得勞動的果實。\n\n2023年2月[耶比耶比啾甜點店]活動專用稱號,1,,145,16,0,0,0,0,0,1,5,2,1,0,0,0,0,0,0,0,0,0,,0,,0,,0,,158,248,227
1570,士兵玩偶,264,\n行進吧∼！！！,1,,145,16,0,0,0,0,22521,0,5,2,1,0,0,0,0,0,0,0,0,0,,0,,0,,0,,255,0,0
1571,無法歇息的靈魂,187,\n雖然去了一趟休息地，但完全沒有休息到。,1,,145,16,0,0,0,0,0,1,5,2,1,464,10,106,1,0,0,0,0,0,,0,,0,,0,,92,4,252
1572,掩蓋黑月,377,\n知道了黑月的影子背後展開的故事。,1,,145,16,0,0,0,0,0,1,5,2,1,464,10,106,5,0,0,0,0,0,,0,,0,,0,,92,4,252
1573,強忍試煉,10,\n長久以來克服試煉而獲得的稱號,1,,145,16,0,0,0,0,0,1,5,2,1,464,10,106,10,0,0,0,0,0,,0,,0,,0,,92,4,252
1574,兔子又怎樣！,604,\n與雖然是兔子，但討厭被稱為兔子的黑色兔子大吵一架。,1,,145,16,0,0,0,0,0,1,5,2,1,464,15,106,10,0,0,0,0,0,,0,,0,,0,,92,4,252
1575,你話很多,104,\n與別人說一句話，就會回三句話的可疑石像一起對話。,1,,145,16,0,0,0,0,0,1,5,2,1,464,15,106,15,0,0,0,0,0,,0,,0,,0,,92,4,252
1576,RETRO,804,\n☆★RETRO★☆,1,,145,16,0,0,0,0,22599,0,5,2,1,0,0,0,0,0,0,0,0,0,,0,,0,,0,,255,0,0
1577,LOVE LOVE,788,\n彩虹島的玩家們都相親相愛吧！！愛心∼,1,,145,16,0,0,0,0,17501,0,5,2,1,0,0,0,0,0,0,0,0,0,,0,,0,,0,,255,233,0
1578,棉棉羊稱號(30日),177,\n…我的世界充滿藝術。,1,,145,16,0,0,0,0,22595,0,5,2,1,465,5,464,10,128,50,124,100,15003885,物理爆擊效果: 物理爆擊傷害增加200%,15003887,魔法爆擊效果:  魔法爆擊效果增加200%,0,,0,,255,0,0
1579,棉棉羊稱號,176,\n…我的世界充滿藝術。,1,,145,16,0,0,0,0,22595,0,5,2,1,0,0,0,0,0,0,0,0,0,,0,,0,,0,,255,0,0
1580,潘朵拉的箱子,206,\n雖然不是想要的結果，但還有希望。,1,,145,16,0,0,0,0,0,1,5,2,1,455,100,465,1,106,5,0,0,0,,0,,0,,0,,92,4,252
1581,存在的理由,484,\n存在的人們要證明自己才行。,1,,145,16,0,0,0,0,0,1,5,2,1,455,150,465,2,106,5,0,0,0,,0,,0,,0,,92,4,252
1582,天使的認可,547,\n按照戰鬥天使的方式，在多次戰鬥後得到拉帕艾拉的認可。,1,,145,16,0,0,0,0,0,1,5,2,1,455,150,465,2,106,10,0,0,0,,0,,0,,0,,92,4,252
1583,園丁,406,\n馬不停蹄地直奔亞特拉斯庭園。,1,,145,16,0,0,0,0,0,1,5,2,1,455,200,465,2,106,10,0,0,0,,0,,0,,0,,92,4,252
1584,狗狗汪汪汪,54,\n到處都是可愛的狗狗！！,1,,145,16,0,0,0,0,22643,0,5,2,1,0,0,0,0,0,0,0,0,0,,0,,0,,0,,255,0,0
1585,青蛙呱呱(30日),567,\n呱呱(唱)呱呱(唱),1,,145,16,0,0,0,0,22644,0,5,2,1,465,4,464,10,456,2,124,30,15003885,物理爆擊效果: 物理爆擊傷害增加200%,15003887,魔法爆擊效果:  魔法爆擊效果增加200%,0,,0,,255,0,0
1586,青蛙呱呱,566,\n呱呱(唱)呱呱(唱),1,,145,16,0,0,0,0,22644,0,5,2,1,0,0,0,0,0,0,0,0,0,,0,,0,,0,,255,0,0
1587,BASKETBALL(30日),740,\n「三分球∼∼∼∼！！」,1,,145,16,0,0,0,0,22645,0,5,2,1,465,5,464,10,128,50,124,100,0,,0,,0,,0,,255,0,0
1588,BASKETBALL,739,\n「三分球∼∼∼∼！！」,1,,145,16,0,0,0,0,22645,0,5,2,1,0,0,0,0,0,0,0,0,0,,0,,0,,0,,255,0,0
1589,玩偶遊行,395,\n彩虹島縫紉玩偶們表演的音樂SHOW∼！,1,,145,16,0,0,0,0,22853,0,5,2,1,0,0,0,0,0,0,0,0,0,,0,,0,,0,,31,240,155
1590,SUMMER BEACH(30日),810,\n火熱的太陽跟大海！出發前往夏日海洋吧∼(唱),1,,145,16,0,0,0,0,22646,0,5,2,1,465,5,464,10,128,50,124,100,0,,0,,0,,0,,255,0,0
1591,SUMMER BEACH,809,\n火熱的太陽跟大海！出發前往夏日海洋吧∼(唱),1,,145,16,0,0,0,0,22646,0,5,2,1,0,0,0,0,0,0,0,0,0,,0,,0,,0,,255,0,0
1592,在被掩蓋的時間之中,444,\n即將離開差點成為終末戰場的另一面場所。,1,,145,16,0,0,0,0,0,1,5,2,1,216,300,461,1,0,0,0,0,0,,0,,0,,0,,92,4,252
1593,Fireworks,755,\n命運的火花欲像爆竹一樣綻放。,1,,145,16,0,0,0,0,0,1,5,2,1,216,350,461,5,0,0,0,0,0,,0,,0,,0,,92,4,252
1594,死亡之吻,263,\n蘊含死亡女神霍爾愛意的問候。,1,,145,16,0,0,0,0,0,1,5,2,1,216,400,461,5,0,0,0,0,0,,0,,0,,0,,92,4,252
1595,燃燒之心,380,\n用全身承受穆斯貝爾海姆熱氣的熱情冒險家。,1,,145,16,0,0,0,0,0,1,5,2,1,216,400,461,10,0,0,0,0,0,,0,,0,,0,,92,4,252
1596,Butterfly(30日),742,\n小蝴蝶從某處飛來後飄然落在其上。,1,,145,16,0,0,0,0,22976,0,5,2,1,465,5,464,10,128,50,124,100,0,,0,,0,,0,,255,0,0
1597,Butterfly,741,\n小蝴蝶從某處飛來後飄然落在其上。,1,,145,16,0,0,0,0,22976,0,5,2,1,0,0,0,0,0,0,0,0,0,,0,,0,,0,,255,0,0
1598,DEVIL,754,\n呈現了惡魔的形象。,1,,145,16,0,0,0,0,22975,0,5,2,1,0,0,0,0,0,0,0,0,0,,0,,0,,0,,255,0,0
1599,時間的裂痕,293,\n經歷了所有一分為二的時間。,1,,145,16,0,0,0,0,0,1,5,2,1,461,1,466,3,106,5,0,0,0,,0,,0,,0,,92,4,252
1600,不屈的時間,249,\n長時間阻止了貪婪葛茉芮女王的時間。,1,,145,16,0,0,0,0,0,1,5,2,1,461,5,466,5,106,10,0,0,0,,0,,0,,0,,92,4,252
1601,喝了也不會死,6,\n喝下特別的魔女用特別食譜製作的藥水也不會死！,1,,145,16,0,0,0,0,0,1,5,2,1,461,10,466,5,106,15,0,0,0,,0,,0,,0,,92,4,252
1602,花語是背叛與貪婪,664,\n與夢想成為魔神的葛茉芮女王「妲莉雅」的惡行交鋒。,1,,145,16,0,0,0,0,0,1,5,2,1,461,15,466,10,106,15,0,0,0,,0,,0,,0,,92,4,252
1603,萊菲卡,145,\n帶著可愛的貓咪行李箱(唱),1,,145,16,0,0,0,0,23037,0,5,2,1,0,0,0,0,0,0,0,0,0,,0,,0,,0,,255,0,0
1604,天空的時間(30日),546,\n表達時間流逝的稱號,1,,145,16,0,0,0,0,23036,0,5,2,1,465,4,464,10,456,2,124,30,15003885,物理爆擊效果: 物理爆擊傷害增加200%,15003887,魔法爆擊效果:  魔法爆擊效果增加200%,0,,0,,255,0,0
1605,天空的時間,545,\n表達時間流逝的稱號,1,,145,16,0,0,0,0,23036,0,5,2,1,0,0,0,0,0,0,0,0,0,,0,,0,,0,,255,0,0
1606,WINTER(30日),829,\n飄雪森林的寂靜,1,,145,16,0,0,0,0,23039,0,5,2,1,465,5,464,10,128,50,124,100,0,,0,,0,,0,,255,0,0
1607,WINTER,828,\n飄雪森林的寂靜,1,,145,16,0,0,0,0,23039,0,5,2,1,0,0,0,0,0,0,0,0,0,,0,,0,,0,,255,0,0
1608,2024 HAPPY NEW YEAR(30日),731,\n祝你2024新的一年也幸運滿滿∼！,1,,145,16,0,0,0,0,23180,0,5,2,1,465,4,464,10,456,2,124,30,15003885,物理爆擊效果: 物理爆擊傷害增加200%,15003887,魔法爆擊效果:  魔法爆擊效果增加200%,0,,0,,255,232,161
1609,2024 HAPPY NEW YEAR,730,\n祝你2024新的一年也幸運滿滿∼！,1,,145,16,0,0,0,0,23180,0,5,2,1,0,0,0,0,0,0,0,0,0,,0,,0,,0,,255,232,161
1610,青宴(30日),565,\n描繪青龍青宴從東邊深海龍宮躍出的稱號,1,,145,16,0,0,0,0,23195,0,5,2,1,465,4,464,10,456,2,124,30,15003885,物理爆擊效果: 物理爆擊傷害增加200%,15003887,魔法爆擊效果:  魔法爆擊效果增加200%,0,,0,,255,0,0
1611,青宴,564,\n描繪青龍青宴從東邊深海龍宮躍出的稱號,1,,145,16,0,0,0,0,23195,0,5,2,1,0,0,0,0,0,0,0,0,0,,0,,0,,0,,255,0,0
1612,LATALE LIFE,778,\n??? ??? LATALE LIFE,1,,145,16,0,0,0,0,23323,0,5,2,1,0,0,0,0,0,0,0,0,0,,0,,0,,0,,255,255,255
20001,★READY~ GO!★,700,\nREADY~ GO!票卷稱號,1,,145,16,0,0,0,0,0,1,5,2,1,465,3,461,3,463,3,0,0,0,,0,,0,,0,,205,205,152
20002,HAPPY LATALE,769,\n幸福快樂彩虹島!! (時間制),1,,145,16,0,0,0,0,0,1,5,2,1,465,5,464,10,30,500,124,20,81001112,物理/魔法命中率上升5%,0,,0,,0,,255,255,183
20003,彩虹島物語,526,\n每日登入活動START!活動稱號,1,,145,16,0,0,0,0,18150,0,5,2,1,0,0,0,0,0,0,0,0,0,,0,,0,,0,,245,39,230
20004,彩虹認證島民,542,\nFB粉絲團按讚分享活動稱號,1,,145,16,0,0,0,0,0,1,5,2,1,461,2,106,15,455,50,0,0,0,,0,,0,,0,,255,88,10
20005,彩虹島勇者,533,\n強力募集！回憶中的老朋友們！,1,,145,16,0,0,0,0,0,1,5,2,1,461,10,124,10,455,100,0,0,0,,0,,0,,0,,255,153,153
20006,爬樹藤大賽高手,610,爬樹藤登高大賽冠軍,1,,145,16,0,0,0,0,0,1,5,2,1,106,15,30,1000,455,50,0,0,0,,0,,0,,0,,0,234,255
20007,差一點第一名,517,爬樹藤登高大賽亞軍,1,,145,16,0,0,0,0,0,1,5,2,1,106,10,30,800,455,30,0,0,0,,0,,0,,0,,0,234,255
20008,第三名感覺不差,474,爬樹藤登高大賽季軍,1,,145,16,0,0,0,0,0,1,5,2,1,106,5,30,500,455,10,0,0,0,,0,,0,,0,,0,234,255
20009,穩定交往中,388,七夕情人節活動稱號,1,,145,16,0,0,0,0,0,1,5,2,1,461,5,466,5,455,50,0,0,0,,0,,0,,0,,255,0,140
20010,甜蜜熱戀中,553,七夕情人節活動稱號,1,,145,16,0,0,0,0,0,1,5,2,1,461,5,466,5,455,50,0,0,0,,0,,0,,0,,255,0,140
20011,仲夏夜的煙火慶典,498,仲夏夜的煙火慶典活動稱號,1,,145,16,0,0,0,0,0,1,5,2,1,465,5,464,10,26,50,124,30,81001112,物理/魔法命中率上升5%,0,,0,,0,,240,78,90
20012,月亮代表我的心!,408,月圓人團圓!月亮代表我的心!,1,,145,16,0,0,0,0,0,1,5,2,1,463,20,455,100,0,0,0,0,0,,0,,0,,0,,255,217,0
20013,彩虹回歸者,544,彩虹回歸者專屬,1,,145,16,0,0,0,0,0,1,5,2,1,461,5,466,5,455,100,0,0,0,,0,,0,,0,,0,255,25
20014,彩虹守護者,541,彩虹守護者專屬,1,,145,16,0,0,0,0,0,1,5,2,1,461,5,466,5,455,100,0,0,0,,0,,0,,0,,0,255,25
20015,淡藍色的回憶,109,彩虹島物語設計創意入選獎,1,,145,16,0,0,0,0,18268,0,5,2,1,0,0,0,0,0,0,0,0,0,,0,,0,,0,,0,176,240
20016,不給糖就搗蛋,250,Trick or Treat!不給糖就搗蛋.,1,,145,16,0,0,0,0,0,1,5,2,1,106,12,118,10,0,0,0,0,0,,0,,0,,0,,255,255,183
20017,去死去死團,17,光棍節特殊活動稱號,1,,145,16,0,0,0,0,0,1,5,2,1,455,30,106,10,463,10,30,300,0,,0,,0,,0,,161,255,0
20018,我是光棍我驕傲,331,光棍節特殊活動稱號,1,,145,16,0,0,0,0,0,1,5,2,1,455,30,106,10,466,5,30,300,0,,0,,0,,0,,255,0,178
20019,空虛寂寞我好冷,45,光棍節特殊活動稱號,1,,145,16,0,0,0,0,0,1,5,2,1,455,30,106,10,464,5,30,300,0,,0,,0,,0,,0,136,255
20020,熊貓超人的祝福,405,,1,,145,16,0,0,0,0,0,1,5,2,1,464,15,461,15,455,200,132,5,0,,0,,0,,0,,255,0,220
20021,老子有錢,160,,1,,145,16,0,0,0,0,0,1,5,2,1,464,10,461,10,455,100,0,0,0,,0,,0,,0,,255,170,0
20022,老子有錢當大爺,161,,1,,145,16,0,0,0,0,0,1,5,2,1,464,15,461,15,455,150,0,0,0,,0,,0,,0,,255,0,13
20023,你最珍貴,103,白色情人節活動稱號,1,,145,16,0,0,0,0,0,1,5,2,1,462,5,461,5,455,100,0,0,0,,0,,0,,0,,255,148,230
20024,拳四郎的祝福,61,,1,,145,16,0,0,0,0,0,1,5,2,1,464,10,461,10,369,2,0,0,0,,0,,0,,0,,255,0,200
20025,一擲千金,432,,1,,145,16,0,0,0,0,0,1,5,2,1,465,1,461,5,455,50,0,0,0,,0,,0,,0,,255,170,0
20026,揮金如土,675,,1,,145,16,0,0,0,0,0,1,5,2,1,465,2,461,8,455,80,0,0,0,,0,,0,,0,,255,170,0
20027,財大氣粗,443,,1,,145,16,0,0,0,0,0,1,5,2,1,465,3,461,10,455,100,0,0,0,,0,,0,,0,,255,0,13
20028,家財萬貫,2,,1,,145,16,0,0,0,0,0,1,5,2,1,465,5,461,15,455,150,0,0,0,,0,,0,,0,,255,0,13
20029,端午愛國詩人,107,,1,,145,16,0,0,0,0,0,1,5,2,1,462,3,461,3,132,3,0,0,0,,0,,0,,0,,198,155,248
20030,端午消費達人,106,,1,,145,16,0,0,0,0,0,1,5,2,1,464,5,465,2,0,0,0,0,0,,0,,0,,0,,199,217,120
20031,仲夏消費達人,496,,1,,145,16,0,0,0,0,0,1,5,2,1,465,3,464,5,466,3,0,0,0,,0,,0,,0,,183,183,220
20032,仲夏消費神人,497,,1,,145,16,0,0,0,0,0,1,5,2,1,465,5,464,8,466,5,0,0,0,,0,,0,,0,,183,102,174
20033,彩虹夏日我最衝,543,,1,,145,16,0,0,0,0,0,1,5,2,1,465,2,464,6,132,2,0,0,0,,0,,0,,0,,87,224,255
20034,夏日玩酷瘋一下,641,,1,,145,16,0,0,0,0,0,1,5,2,1,106,5,456,2,466,3,124,10,0,,0,,0,,0,,87,241,255
20035,女神的騎士團,91,\n注意！\n - 17年8月3日維護後消失稱號效果。,1,,145,16,0,0,0,0,0,1,5,2,1,0,0,0,0,0,0,0,0,0,,0,,0,,0,,255,0,119
20036,仲夏之夜,500,,1,,145,16,0,0,0,0,0,1,5,2,1,465,3,464,10,106,10,30,1000,0,,0,,0,,0,,254,174,54
20037,VIP（金）,821,尊爵不凡!!華麗的VIP金稱號,1,,145,16,0,0,0,0,18537,0,5,2,1,465,15,464,50,456,5,124,150,920000121,物理/魔法命中率上升15%,15003885,物理爆擊效果: 物理爆擊傷害增加200%,15003887,魔法爆擊效果:  魔法爆擊效果增加200%,0,,255,215,0
20038,VIP（銀）,822,尊爵不凡!!華麗的VIP銀稱號,1,,145,16,0,0,0,0,18538,0,5,2,1,465,10,464,35,456,3,124,100,920000175,物理/魔法命中率上升10%,15003885,物理爆擊效果: 物理爆擊傷害增加200%,15003887,魔法爆擊效果:  魔法爆擊效果增加200%,0,,184,184,178
20039,一百元的祝福,431,,1,,145,16,0,0,0,0,0,1,5,2,1,465,6,464,15,30,600,124,25,0,,0,,0,,0,,132,122,255
20040,LoVe Chu,786,,1,,145,16,0,0,0,0,0,1,5,2,1,455,30,106,10,463,10,30,300,0,,0,,0,,0,,255,139,191
20041,With Friend,830,套用這個稱號邊緣人都不想看到你了辣!!,1,,145,16,0,0,0,0,18140,0,5,2,1,132,5,124,10,106,10,0,0,0,,0,,0,,0,,245,39,230
20042,TOP FAN,819,,1,,145,16,0,0,0,0,18988,0,5,2,1,0,0,0,0,0,0,0,0,0,,0,,0,,0,,245,39,230
20043,★LATALE CUP★,697,\n大家一起來慶祝2018世足開打啦∼∼∼！！！,1,,145,16,0,0,0,0,17430,0,5,2,1,465,5,464,10,26,50,124,30,81001113,移動速度增加15%,0,,0,,0,,255,255,183
20044,給了糖還是要搗蛋!,67,,1,,145,16,0,0,0,0,0,1,5,2,1,465,5,464,10,128,10,0,0,0,,0,,0,,0,,255,143,87
20045,小夥伴,283,只有彩虹島物語特別小夥伴可獲得的專屬FX稱號!!\n\n套用敲可愛稱號成為耶比妹、米斯達、辛蒂蒂的好夥伴吧!!!,1,,145,16,0,0,0,0,19330,0,5,2,1,0,0,0,0,0,0,0,0,0,,0,,0,,0,,255,255,183
20046,金字塔的冒險家,77,\n給予進行法老冒險玩家的稱號!,1,,145,16,0,0,0,0,0,1,5,2,1,124,200,462,30,461,30,463,5,15003889,爆擊觸發: 物理/魔法爆擊傷害提升 100%,15003909,魔法爆擊效果: 魔法爆擊效果增加200%,0,,0,,0,0,0
20047,GM的小奴隸,762,,1,,145,16,0,0,0,0,20098,0,5,2,1,0,0,0,0,0,0,0,0,0,,0,,0,,0,,217,160,160
20048,熊大霓虹,404,熊大 HEART BIONG BIONG ~\n\n BROWN FRIENDS與彩虹島物語限定聯名稱號!,1,,145,16,0,0,0,0,20478,0,5,2,1,0,0,0,0,0,0,0,0,0,,0,,0,,0,,145,93,69
20049,愛的蹦蹦,365,愛的蹦蹦！耶比蹦蹦！,1,,145,16,0,0,0,0,21658,0,5,2,1,0,0,0,0,0,0,0,0,0,,0,,0,,0,,255,128,128
20050,愛的蹦蹦 (30日),366,愛的蹦蹦！耶比蹦蹦！,1,,145,16,0,0,0,0,21658,0,5,2,1,465,5,464,10,128,50,124,100,15003885,物理爆擊效果: 物理爆擊傷害增加200%,15003887,魔法爆擊效果: 魔法爆擊效果增加200%,0,,0,,255,128,128
20051,LaTale特調,781,LaTale特調珍奶！耶比喝了也上癮！,1,,145,16,0,0,0,0,21719,0,5,2,1,0,0,0,0,0,0,0,0,0,,0,,0,,0,,45,0,0
20052,LaTale特調 (30日),782,LaTale特調珍奶！耶比喝了也上癮！,1,,145,16,0,0,0,0,21719,0,5,2,1,465,5,464,10,128,50,124,100,15003885,物理爆擊效果: 物理爆擊傷害增加200%,15003887,魔法爆擊效果: 魔法爆擊效果增加200%,0,,0,,45,0,0
20053,阿里山火車,323,每天都像美好日出一樣充滿希望！,1,,145,16,0,0,0,0,22593,0,5,2,1,0,0,0,0,0,0,0,0,0,,0,,0,,0,,17,187,68
20054,阿里山火車 (30日),324,每天都像美好日出一樣充滿希望！,1,,145,16,0,0,0,0,22593,0,5,2,1,465,5,464,10,128,50,124,100,15003885,物理爆擊效果: 物理爆擊傷害增加200%,15003887,魔法爆擊效果:  魔法爆擊效果增加200%,0,,0,,17,187,68
20055,糖果森林的夢魘,110,住在糖果森林的糖果餅乾們表示……你不要過來啊！,1,,145,16,0,0,0,0,0,1,5,2,1,0,0,0,0,0,0,0,0,0,,0,,0,,0,,255,69,0
